1677776400;02.03.2023;23:00:00;25.26;25.98
1677780000;03.03.2023;00:00:00;25.09;26.11
1677783600;03.03.2023;01:00:00;25.4;25.3
1677787200;03.03.2023;02:00:00;25.44;24.87
1677790800;03.03.2023;03:00:00;25.42;24.74
1677794400;03.03.2023;04:00:00;25.18;24.69
1677798000;03.03.2023;05:00:00;24.95;24.65
1677801600;03.03.2023;06:00:00;24.82;24.67
1677805200;03.03.2023;07:00:00;24.6;24.65
1677808800;03.03.2023;08:00:00;24.43;24.68
1677812400;03.03.2023;09:00:00;26.76;24.88
1677816000;03.03.2023;10:00:00;25.62;25.75
1677819600;03.03.2023;11:00:00;24.54;26.11
1677823200;03.03.2023;12:00:00;25.93;26.26
1677826800;03.03.2023;13:00:00;27.31;26.36
1677830400;03.03.2023;14:00:00;25.93;26.5
1677834000;03.03.2023;15:00:00;25.72;26.61
1677837600;03.03.2023;16:00:00;25.03;26.57
1677841200;03.03.2023;17:00:00;24.75;26.47
1677844800;03.03.2023;18:00:00;25.74;26.16
1677848400;03.03.2023;19:00:00;25.96;26.01
1677852000;03.03.2023;20:00:00;27.68;25.96
1677855600;03.03.2023;21:00:00;27.77;26.11
1677859200;03.03.2023;22:00:00;27.96;26.36
1677862800;03.03.2023;23:00:00;27;27.18
1677866400;04.03.2023;00:00:00;26.74;27.2
1677870000;04.03.2023;01:00:00;27.21;25.99
1677873600;04.03.2023;02:00:00;27.31;25.34
1677877200;04.03.2023;03:00:00;27.4;25.06
1677880800;04.03.2023;04:00:00;27.4;24.96
1677884400;04.03.2023;05:00:00;27.25;25.08
1677888000;04.03.2023;06:00:00;27.21;24.96
1677891600;04.03.2023;07:00:00;27.07;25.03
1677895200;04.03.2023;08:00:00;27.12;25.09
1677898800;04.03.2023;09:00:00;27.59;25.04
1677906000;04.03.2023;11:00:00;28.78;26.88
1677909600;04.03.2023;12:00:00;28;27.97
1677913200;04.03.2023;13:00:00;30.14;27.06
1677916800;04.03.2023;14:00:00;32.17;26.78
1677920400;04.03.2023;15:00:00;33.28;26.08
1677924000;04.03.2023;16:00:00;33.03;25.8
1677927600;04.03.2023;17:00:00;32.68;25.75
1677931200;04.03.2023;18:00:00;31.89;25.53
1677934800;04.03.2023;19:00:00;31.28;25.44
1677938400;04.03.2023;20:00:00;33.06;25.34
1677942000;04.03.2023;21:00:00;32.5;25.32
1677945600;04.03.2023;22:00:00;31.34;25.33
1677949200;04.03.2023;23:00:00;30.54;25.3
1677952800;05.03.2023;00:00:00;30.9;25.24
1677956400;05.03.2023;01:00:00;31.03;25.2
1677960000;05.03.2023;02:00:00;30.72;25.17
1677963600;05.03.2023;03:00:00;30.62;25.13
1677967200;05.03.2023;04:00:00;30.57;25.1
1677970800;05.03.2023;05:00:00;30.25;25.07
1677974400;05.03.2023;06:00:00;29.92;25.03
1677978000;05.03.2023;07:00:00;29.44;25.02
1677981600;05.03.2023;08:00:00;29.19;25.06
1677985200;05.03.2023;09:00:00;30.9;25.87
1677988800;05.03.2023;10:00:00;32.93;26.57
1677992400;05.03.2023;11:00:00;33.67;26.63
1677996000;05.03.2023;12:00:00;33.67;26.63
1677999600;05.03.2023;13:00:00;33.67;26.63
1678003200;05.03.2023;14:00:00;33.67;26.63
1678006800;05.03.2023;15:00:00;33.67;26.63
1678010400;05.03.2023;16:00:00;33.67;26.63
1678014000;05.03.2023;17:00:00;33.67;26.63
1678017600;05.03.2023;18:00:00;46.73;22.71
1678021200;05.03.2023;19:00:00;53.44;22.68
1678024800;05.03.2023;20:00:00;35.92;25.9
1678028400;05.03.2023;21:00:00;33.38;26.52
1678032000;05.03.2023;22:00:00;32.87;26.2
1678035600;05.03.2023;23:00:00;30.61;25.45
1678039200;06.03.2023;00:00:00;27.52;25.6
1678042800;06.03.2023;01:00:00;27.43;24.92
1678046400;06.03.2023;02:00:00;27.21;24.5
1678050000;06.03.2023;03:00:00;27.14;24.35
1678053600;06.03.2023;04:00:00;26.92;24.25
1678057200;06.03.2023;05:00:00;26.81;24.21
1678060800;06.03.2023;06:00:00;26.6;24.29
1678064400;06.03.2023;07:00:00;26.71;24.24
1678068000;06.03.2023;08:00:00;27.03;24.21
1678071600;06.03.2023;09:00:00;27.56;24.38
1678075200;06.03.2023;10:00:00;26.94;25.27
1678078800;06.03.2023;11:00:00;26.65;25.31
1678082400;06.03.2023;12:00:00;27.22;25.03
1678086000;06.03.2023;13:00:00;27.45;24.98
1678089600;06.03.2023;14:00:00;27.57;25.36
1678093200;06.03.2023;15:00:00;27.71;25.5
1678096800;06.03.2023;16:00:00;28.12;25.75
1678100400;06.03.2023;17:00:00;28.88;25.72
1678104000;06.03.2023;18:00:00;29.48;25.72
1678107600;06.03.2023;19:00:00;29.88;25.57
1678111200;06.03.2023;20:00:00;30.52;25.25
1678114800;06.03.2023;21:00:00;32.55;25.01
1678118400;06.03.2023;22:00:00;33.63;24.45
1678122000;06.03.2023;23:00:00;33.26;24.25
1678125600;07.03.2023;00:00:00;33.63;24.18
1678129200;07.03.2023;01:00:00;32.68;25.01
1678132800;07.03.2023;02:00:00;31.35;24.89
1678136400;07.03.2023;03:00:00;30.83;24.47
1678140000;07.03.2023;04:00:00;30.18;24.45
1678143600;07.03.2023;05:00:00;29.43;24.37
1678147200;07.03.2023;06:00:00;28.59;24.32
1678150800;07.03.2023;07:00:00;27.75;24.35
1678154400;07.03.2023;08:00:00;27.37;24.35
1678158000;07.03.2023;09:00:00;27.13;24.67
1678161600;07.03.2023;10:00:00;26.24;25.9
1678165200;07.03.2023;11:00:00;26.06;25.23
1678168800;07.03.2023;12:00:00;26.7;25.43
1678172400;07.03.2023;13:00:00;26.61;25.71
1678176000;07.03.2023;14:00:00;27.35;25.72
1678179600;07.03.2023;15:00:00;28.05;25.89
1678183200;07.03.2023;16:00:00;28.59;26.26
1678186800;07.03.2023;17:00:00;28.01;26.39
1678190400;07.03.2023;18:00:00;28.55;25.46
1678194000;07.03.2023;19:00:00;27.37;24.91
1678197600;07.03.2023;20:00:00;25.45;24.48
1678201200;07.03.2023;21:00:00;24.72;24.38
1678204800;07.03.2023;22:00:00;25.03;24.68
1678208400;07.03.2023;23:00:00;23.19;25.36
1678212000;08.03.2023;00:00:00;21.81;26.21
1678215600;08.03.2023;01:00:00;20.95;25.99
1678219200;08.03.2023;02:00:00;21.48;24.59
1678222800;08.03.2023;03:00:00;21.47;24.1
1678226400;08.03.2023;04:00:00;21.23;24
1678230000;08.03.2023;05:00:00;20.79;23.95
1678233600;08.03.2023;06:00:00;20.49;23.97
1678237200;08.03.2023;07:00:00;20.32;24.02
1678240800;08.03.2023;08:00:00;20.14;24.11
1678244400;08.03.2023;09:00:00;20.13;24.19
1678248000;08.03.2023;10:00:00;20.37;24.57
1678251600;08.03.2023;11:00:00;20.21;24.69
1678255200;08.03.2023;12:00:00;21.49;25.16
1678258800;08.03.2023;13:00:00;20.79;26.54
1678262400;08.03.2023;14:00:00;22.83;26.1
1678266000;08.03.2023;15:00:00;23.28;27.92
1678269600;08.03.2023;16:00:00;23.67;28.26
1678273200;08.03.2023;17:00:00;26.66;27.93
1678276800;08.03.2023;18:00:00;28.92;26.79
1678280400;08.03.2023;19:00:00;30.35;25.52
1678284000;08.03.2023;20:00:00;31.64;25.84
1678287600;08.03.2023;21:00:00;32.29;24.7
1678291200;08.03.2023;22:00:00;32.45;24
1678294800;08.03.2023;23:00:00;32.37;23.8
1678298400;09.03.2023;00:00:00;31.9;23.36
1678302000;09.03.2023;01:00:00;32.34;22.75
1678305600;09.03.2023;02:00:00;32.65;22.14
1678309200;09.03.2023;03:00:00;32.98;21.82
1678312800;09.03.2023;04:00:00;33.01;21.72
1678316400;09.03.2023;05:00:00;33.06;21.68
1678320000;09.03.2023;06:00:00;32.81;21.77
1678323600;09.03.2023;07:00:00;32.85;21.43
1678327200;09.03.2023;08:00:00;32.99;21.17
1678330800;09.03.2023;09:00:00;33.35;21.16
1678334400;09.03.2023;10:00:00;31.89;24.18
1678338000;09.03.2023;11:00:00;31.1;25.41
1678341600;09.03.2023;12:00:00;30.93;25.72
1678345200;09.03.2023;13:00:00;32.17;25.75
1678348800;09.03.2023;14:00:00;33.01;25.55
1678352400;09.03.2023;15:00:00;33.57;24.81
1678356000;09.03.2023;16:00:00;35.08;25.09
1678359600;09.03.2023;17:00:00;36.45;25.39
1678363200;09.03.2023;18:00:00;35.15;25.35
1678366800;09.03.2023;19:00:00;34.18;25.34
1678370400;09.03.2023;20:00:00;33.2;25.32
1678374000;09.03.2023;21:00:00;30.6;24.4
1678377600;09.03.2023;22:00:00;31.14;23.04
1678381200;09.03.2023;23:00:00;30.74;24.81
1678384800;10.03.2023;00:00:00;29.28;26.05
1678388400;10.03.2023;01:00:00;29.61;25.16
1678392000;10.03.2023;02:00:00;30.25;24.47
1678395600;10.03.2023;03:00:00;30.4;24.32
1678399200;10.03.2023;04:00:00;30.37;24.29
1678402800;10.03.2023;05:00:00;30.41;24.29
1678406400;10.03.2023;06:00:00;30.3;24.26
1678410000;10.03.2023;07:00:00;30.15;24.21
1678413600;10.03.2023;08:00:00;30.05;24.23
1678417200;10.03.2023;09:00:00;30.51;24.32
1678420800;10.03.2023;10:00:00;30.27;25.8
1678424400;10.03.2023;11:00:00;29.86;26.35
1678428000;10.03.2023;12:00:00;31.4;25.98
1678431600;10.03.2023;13:00:00;32.31;26
1678435200;10.03.2023;14:00:00;31.88;26.11
1678438800;10.03.2023;15:00:00;30.83;25.66
1678442400;10.03.2023;16:00:00;30.59;25.73
1678446000;10.03.2023;17:00:00;30.17;25.32
1678449600;10.03.2023;18:00:00;30.6;25.4
1678456800;10.03.2023;20:00:00;30.03;24.74
1678460400;10.03.2023;21:00:00;30.95;25.61
1678464000;10.03.2023;22:00:00;27.95;23.19
1678467600;10.03.2023;23:00:00;28.13;22.1
1678471200;11.03.2023;00:00:00;28.86;23.02
1678474800;11.03.2023;01:00:00;28.84;24.64
1678478400;11.03.2023;02:00:00;28.82;24.84
1678482000;11.03.2023;03:00:00;29.66;24.09
1678485600;11.03.2023;04:00:00;30.06;23.95
1678489200;11.03.2023;05:00:00;30.32;23.9
1678492800;11.03.2023;06:00:00;30.49;23.93
1678496400;11.03.2023;07:00:00;30.59;23.94
1678500000;11.03.2023;08:00:00;30.66;24.05
1678503600;11.03.2023;09:00:00;30.57;24.32
1678507200;11.03.2023;10:00:00;30.96;24.65
1678510800;11.03.2023;11:00:00;31.11;25.05
1678514400;11.03.2023;12:00:00;27.61;25.8
1678518000;11.03.2023;13:00:00;27.09;25.36
1678521600;11.03.2023;14:00:00;27.43;24.84
1678525200;11.03.2023;15:00:00;30.09;25.26
1678528800;11.03.2023;16:00:00;30.68;24.87
1678532400;11.03.2023;17:00:00;31.22;25.04
1678536000;11.03.2023;18:00:00;31.33;25.38
1678539600;11.03.2023;19:00:00;31.42;25.39
1678543200;11.03.2023;20:00:00;31.42;25.35
1678546800;11.03.2023;21:00:00;31.4;25.29
1678550400;11.03.2023;22:00:00;32.73;25.29
1678554000;11.03.2023;23:00:00;32.94;25.32
1678557600;12.03.2023;00:00:00;28.37;24.92
1678561200;12.03.2023;01:00:00;26.48;24.24
1678564800;12.03.2023;02:00:00;27.97;24.72
1678568400;12.03.2023;03:00:00;28.74;24.95
1678572000;12.03.2023;04:00:00;29.35;25.1
1678575600;12.03.2023;05:00:00;29.75;25.16
1678579200;12.03.2023;06:00:00;30.15;25.2
1678582800;12.03.2023;07:00:00;30.42;25.21
1678586400;12.03.2023;08:00:00;30.59;25.28
1678590000;12.03.2023;09:00:00;30.77;25.43
1678593600;12.03.2023;10:00:00;31.43;25.7
1678597200;12.03.2023;11:00:00;32.53;25.89
1678600800;12.03.2023;12:00:00;33.67;26.42
1678604400;12.03.2023;13:00:00;33.53;26.83
1678611600;12.03.2023;15:00:00;33.8;25.93
1678615200;12.03.2023;16:00:00;33.94;25.71
1678618800;12.03.2023;17:00:00;34.04;25.58
1678622400;12.03.2023;18:00:00;34.1;25.5
1678626000;12.03.2023;19:00:00;34.17;25.43
1678629600;12.03.2023;20:00:00;34.3;25.42
1678633200;12.03.2023;21:00:00;34.9;25.79
1678636800;12.03.2023;22:00:00;36.04;25.07
1678640400;12.03.2023;23:00:00;36.24;25.27
1678644000;13.03.2023;00:00:00;35.7;25.23
1678647600;13.03.2023;01:00:00;35.53;25.28
1678651200;13.03.2023;02:00:00;35.63;25.1
1678654800;13.03.2023;03:00:00;35.6;25.06
1678658400;13.03.2023;04:00:00;35.5;25.06
1678662000;13.03.2023;05:00:00;35.37;25.07
1678665600;13.03.2023;06:00:00;35.25;25.07
1678669200;13.03.2023;07:00:00;35.15;25.05
1678672800;13.03.2023;08:00:00;35.11;25.04
1678676400;13.03.2023;09:00:00;35.06;25.64
1678680000;13.03.2023;10:00:00;34.56;25.54
1678683600;13.03.2023;11:00:00;34.26;24.75
1678687200;13.03.2023;12:00:00;34.8;24.21
1678690800;13.03.2023;13:00:00;34.99;24.15
1678694400;13.03.2023;14:00:00;34.71;23.99
1678698000;13.03.2023;15:00:00;34.76;24.08
1678701600;13.03.2023;16:00:00;34.63;23.91
1678705200;13.03.2023;17:00:00;34.7;23.51
1678708800;13.03.2023;18:00:00;35.28;24.37
1678712400;13.03.2023;19:00:00;35.6;24.97
1678716000;13.03.2023;20:00:00;35.21;25.13
1678719600;13.03.2023;21:00:00;35.08;24.92
1678723200;13.03.2023;22:00:00;35.24;24.78
1678726800;13.03.2023;23:00:00;36.38;24.87
1678730400;14.03.2023;00:00:00;37.41;26.05
1678734000;14.03.2023;01:00:00;36.83;26.58
1678737600;14.03.2023;02:00:00;36.44;25.59
1678741200;14.03.2023;03:00:00;36.68;24.89
1678744800;14.03.2023;04:00:00;36.38;24.73
1678748400;14.03.2023;05:00:00;36.01;24.68
1678752000;14.03.2023;06:00:00;35.66;24.63
1678755600;14.03.2023;07:00:00;35.41;24.57
1678759200;14.03.2023;08:00:00;35.09;24.57
1678762800;14.03.2023;09:00:00;34.89;24.66
1678766400;14.03.2023;10:00:00;35.62;24.81
1678770000;14.03.2023;11:00:00;35.96;24.82
1678773600;14.03.2023;12:00:00;36.11;25.18
1678777200;14.03.2023;13:00:00;34.14;24.38
1678780800;14.03.2023;14:00:00;34.99;24.11
1678784400;14.03.2023;15:00:00;34.31;24.39
1678788000;14.03.2023;16:00:00;33.77;24.62
1678791600;14.03.2023;17:00:00;33.32;24.65
1678795200;14.03.2023;18:00:00;33.1;24.5
1678798800;14.03.2023;19:00:00;32.76;24.33
1678802400;14.03.2023;20:00:00;32.85;23.13
1678806000;14.03.2023;21:00:00;31.58;22.64
1678809600;14.03.2023;22:00:00;31.84;23.08
1678813200;14.03.2023;23:00:00;31.42;24.1
1678816800;15.03.2023;00:00:00;29.12;24.07
1678820400;15.03.2023;01:00:00;26.14;23.91
1678824000;15.03.2023;02:00:00;24.58;22.62
1678827600;15.03.2023;03:00:00;24.05;22.05
1678831200;15.03.2023;04:00:00;23.34;21.93
1678834800;15.03.2023;05:00:00;22.44;21.85
1678838400;15.03.2023;06:00:00;21.84;21.73
1678842000;15.03.2023;07:00:00;21.6;21.67
1678845600;15.03.2023;08:00:00;21.61;21.85
1678849200;15.03.2023;09:00:00;21.62;22.46
1678852800;15.03.2023;10:00:00;22.46;23.05
1678856400;15.03.2023;11:00:00;22.52;23.46
1678860000;15.03.2023;12:00:00;22.55;23.96
1678863600;15.03.2023;13:00:00;21.88;24.14
1678867200;15.03.2023;14:00:00;21.32;24.13
1678870800;15.03.2023;15:00:00;21.27;24.22
1678874400;15.03.2023;16:00:00;22.03;24.31
1678878000;15.03.2023;17:00:00;23.01;24.4
1678881600;15.03.2023;18:00:00;24.04;24.44
1678885200;15.03.2023;19:00:00;25.47;24.37
1678888800;15.03.2023;20:00:00;26.23;24.28
1678892400;15.03.2023;21:00:00;26.67;24.98
1678896000;15.03.2023;22:00:00;27.78;24.08
1678899600;15.03.2023;23:00:00;29.09;23.92
1678903200;16.03.2023;00:00:00;29.63;24.6
1678906800;16.03.2023;01:00:00;29.44;24.69
1678910400;16.03.2023;02:00:00;29.86;24.55
1678914000;16.03.2023;03:00:00;30.08;25.06
1678917600;16.03.2023;04:00:00;30.05;24.95
1678921200;16.03.2023;05:00:00;30.84;24.71
1678924800;16.03.2023;06:00:00;31.28;24.6
1678928400;16.03.2023;07:00:00;31.41;24.5
1678932000;16.03.2023;08:00:00;31.33;24.45
1678935600;16.03.2023;09:00:00;31.18;24.36
1678939200;16.03.2023;10:00:00;32.21;24.54
1678942800;16.03.2023;11:00:00;32.95;24.58
1678946400;16.03.2023;12:00:00;33.15;24.89
1678950000;16.03.2023;13:00:00;33.14;25.09
1678953600;16.03.2023;14:00:00;32.79;25
1678957200;16.03.2023;15:00:00;32.75;24.85
1678960800;16.03.2023;16:00:00;32.46;24.9
1678964400;16.03.2023;17:00:00;32.61;24.92
1678968000;16.03.2023;18:00:00;32.37;24.93
1678971600;16.03.2023;19:00:00;32.27;24.86
1678975200;16.03.2023;20:00:00;32.66;24.86
1678978800;16.03.2023;21:00:00;32.6;24.94
1678982400;16.03.2023;22:00:00;32.77;25.14
1678986000;16.03.2023;23:00:00;33.22;25.28
1678989600;17.03.2023;00:00:00;32.98;25.18
1678993200;17.03.2023;01:00:00;33.02;25.26
1678996800;17.03.2023;02:00:00;32.8;24.94
1679000400;17.03.2023;03:00:00;32.79;24.74
1679004000;17.03.2023;04:00:00;32.75;24.64
1679007600;17.03.2023;05:00:00;32.73;24.59
1679011200;17.03.2023;06:00:00;32.6;24.57
1679014800;17.03.2023;07:00:00;32.51;24.56
1679018400;17.03.2023;08:00:00;32.46;24.55
1679022000;17.03.2023;09:00:00;32.88;24.65
1679025600;17.03.2023;10:00:00;32.98;25.1
1679029200;17.03.2023;11:00:00;32.5;25.6
1679032800;17.03.2023;12:00:00;32.26;25.5
1679036400;17.03.2023;13:00:00;32.37;25.43
1679040000;17.03.2023;14:00:00;33.19;25.51
1679043600;17.03.2023;15:00:00;33.95;25.71
1679047200;17.03.2023;16:00:00;33.6;25.83
1679050800;17.03.2023;17:00:00;33.6;25.85
1679054400;17.03.2023;18:00:00;33.26;25.74
1679058000;17.03.2023;19:00:00;33.42;25.62
1679061600;17.03.2023;20:00:00;33.34;25.67
1679065200;17.03.2023;21:00:00;33.06;25.61
1679068800;17.03.2023;22:00:00;32.72;25.58
1679072400;17.03.2023;23:00:00;32.17;25.32
1679076000;18.03.2023;00:00:00;31.64;25.04
1679079600;18.03.2023;01:00:00;31.44;25.41
1679083200;18.03.2023;02:00:00;30.87;25.44
1679086800;18.03.2023;03:00:00;30.64;24.91
1679090400;18.03.2023;04:00:00;30.29;24.7
1679094000;18.03.2023;05:00:00;30.03;24.61
1679097600;18.03.2023;06:00:00;29.74;24.54
1679101200;18.03.2023;07:00:00;29.5;24.49
1679104800;18.03.2023;08:00:00;29.18;24.42
1679108400;18.03.2023;09:00:00;28.89;24.39
1679112000;18.03.2023;10:00:00;28.88;24.41
1679115600;18.03.2023;11:00:00;29.14;24.64
1679119200;18.03.2023;12:00:00;28.99;25.03
1679122800;18.03.2023;13:00:00;29.24;25.13
1679126400;18.03.2023;14:00:00;29.51;25.23
1679130000;18.03.2023;15:00:00;30.81;25.17
1679133600;18.03.2023;16:00:00;31.6;25.36
1679137200;18.03.2023;17:00:00;32.15;25.35
1679140800;18.03.2023;18:00:00;31.2;25.32
1679144400;18.03.2023;19:00:00;30.35;25.58
1679148000;18.03.2023;20:00:00;29.95;25.44
1679151600;18.03.2023;21:00:00;29.41;25.44
1679155200;18.03.2023;22:00:00;29.04;25.15
1679158800;18.03.2023;23:00:00;28.83;24.64
1679162400;19.03.2023;00:00:00;28.55;24.56
1679166000;19.03.2023;01:00:00;28.13;24.84
1679169600;19.03.2023;02:00:00;27.84;24.49
1679173200;19.03.2023;03:00:00;27.63;24.29
1679176800;19.03.2023;04:00:00;27.31;24.14
1679180400;19.03.2023;05:00:00;27.08;24.05
1679184000;19.03.2023;06:00:00;26.78;23.97
1679187600;19.03.2023;07:00:00;26.59;23.92
1679191200;19.03.2023;08:00:00;26.33;23.89
1679194800;19.03.2023;09:00:00;26.2;23.92
1679198400;19.03.2023;10:00:00;26.37;24.13
1679202000;19.03.2023;11:00:00;26.19;24.57
1679205600;19.03.2023;12:00:00;27.2;25.03
1679209200;19.03.2023;13:00:00;28.05;25.32
1679212800;19.03.2023;14:00:00;27.93;25.45
1679216400;19.03.2023;15:00:00;28.04;25.71
1679220000;19.03.2023;16:00:00;28.25;25.76
1679223600;19.03.2023;17:00:00;29.25;26.09
1679227200;19.03.2023;18:00:00;29.2;25.62
1679230800;19.03.2023;19:00:00;29.05;25.17
1679234400;19.03.2023;20:00:00;31;25.11
1679238000;19.03.2023;21:00:00;32.33;24.84
1679241600;19.03.2023;22:00:00;31.99;24.65
1679245200;19.03.2023;23:00:00;28.99;23.9
1679248800;20.03.2023;00:00:00;27.46;23.5
1679252400;20.03.2023;01:00:00;27.27;23.27
1679256000;20.03.2023;02:00:00;27.54;23.45
1679259600;20.03.2023;03:00:00;27.49;23.51
1679263200;20.03.2023;04:00:00;27.34;23.54
1679266800;20.03.2023;05:00:00;27.19;23.55
1679270400;20.03.2023;06:00:00;27.04;23.53
1679274000;20.03.2023;07:00:00;26.87;23.5
1679277600;20.03.2023;08:00:00;26.82;23.53
1679281200;20.03.2023;09:00:00;28.15;23.62
1679284800;20.03.2023;10:00:00;28.08;23.73
1679288400;20.03.2023;11:00:00;27.38;23.75
1679292000;20.03.2023;12:00:00;26.82;23.58
1679295600;20.03.2023;13:00:00;26.66;23.46
1679299200;20.03.2023;14:00:00;26.38;23.5
1679302800;20.03.2023;15:00:00;26.83;24.06
1679306400;20.03.2023;16:00:00;26.96;24.37
1679310000;20.03.2023;17:00:00;26.61;24.5
1679313600;20.03.2023;18:00:00;27.05;24.55
1679317200;20.03.2023;19:00:00;27.65;24.56
1679320800;20.03.2023;20:00:00;27.61;24.56
1679324400;20.03.2023;21:00:00;27.46;24.38
1679328000;20.03.2023;22:00:00;28.07;24.11
1679331600;20.03.2023;23:00:00;28.08;23.87
1679335200;21.03.2023;00:00:00;28.83;24.24
1679338800;21.03.2023;01:00:00;28.2;24.37
1679342400;21.03.2023;02:00:00;27.97;23.96
1679346000;21.03.2023;03:00:00;27.92;23.81
1679349600;21.03.2023;04:00:00;27.79;23.72
1679353200;21.03.2023;05:00:00;27.78;23.66
1679356800;21.03.2023;06:00:00;27.76;23.56
1679360400;21.03.2023;07:00:00;27.83;23.51
1679364000;21.03.2023;08:00:00;27.87;23.49
1679367600;21.03.2023;09:00:00;28.45;23.58
1679371200;21.03.2023;10:00:00;30.61;23.91
1679374800;21.03.2023;11:00:00;29.42;23.77
1679378400;21.03.2023;12:00:00;28.8;23.71
1679382000;21.03.2023;13:00:00;28.41;23.76
1679385600;21.03.2023;14:00:00;28.27;23.81
1679389200;21.03.2023;15:00:00;28.08;23.88
1679392800;21.03.2023;16:00:00;28.12;24.08
1679396400;21.03.2023;17:00:00;28.46;24.18
1679400000;21.03.2023;18:00:00;28.65;24.18
1679403600;21.03.2023;19:00:00;28.94;24.15
1679407200;21.03.2023;20:00:00;29.31;24.15
1679410800;21.03.2023;21:00:00;29.52;24.43
1679414400;21.03.2023;22:00:00;29.96;24.6
1679418000;21.03.2023;23:00:00;29.73;24.72
1679421600;22.03.2023;00:00:00;29.6;24.68
1679425200;22.03.2023;01:00:00;29.52;24.62
1679428800;22.03.2023;02:00:00;29.46;24.63
1679432400;22.03.2023;03:00:00;29.19;24.25
1679436000;22.03.2023;04:00:00;29.06;24.03
1679439600;22.03.2023;05:00:00;28.97;23.92
1679443200;22.03.2023;06:00:00;28.87;23.84
1679446800;22.03.2023;07:00:00;28.8;23.79
1679450400;22.03.2023;08:00:00;29.01;23.78
1679454000;22.03.2023;09:00:00;29.31;23.84
1679457600;22.03.2023;10:00:00;29.42;24.17
1679461200;22.03.2023;11:00:00;29.31;24.24
1679464800;22.03.2023;12:00:00;28.17;23.65
1679468400;22.03.2023;13:00:00;31.04;23.85
1679472000;22.03.2023;14:00:00;30.96;24.55
1679475600;22.03.2023;15:00:00;30.99;24.81
1679479200;22.03.2023;16:00:00;30.75;24.94
1679482800;22.03.2023;17:00:00;31.27;25.02
1679486400;22.03.2023;18:00:00;31.53;24.67
1679490000;22.03.2023;19:00:00;31.38;24.37
1679493600;22.03.2023;20:00:00;31.23;24.21
1679497200;22.03.2023;21:00:00;31.02;24.1
1679500800;22.03.2023;22:00:00;30.92;24.05
1679504400;22.03.2023;23:00:00;31.4;24.4
1679508000;23.03.2023;00:00:00;31.56;24.89
1679511600;23.03.2023;01:00:00;31.36;25.1
1679515200;23.03.2023;02:00:00;30.97;24.63
1679518800;23.03.2023;03:00:00;30.87;24.33
1679522400;23.03.2023;04:00:00;30.75;24.21
1679526000;23.03.2023;05:00:00;30.64;24.15
1679529600;23.03.2023;06:00:00;30.46;24.09
1679533200;23.03.2023;07:00:00;30.37;24.07
1679536800;23.03.2023;08:00:00;30.41;24.09
1679540400;23.03.2023;09:00:00;30.59;24.16
1679544000;23.03.2023;10:00:00;31.36;24.21
1679547600;23.03.2023;11:00:00;32.02;24.74
1679551200;23.03.2023;12:00:00;30.1;24.47
1679554800;23.03.2023;13:00:00;30.34;24.35
1679558400;23.03.2023;14:00:00;31.49;24.39
1679562000;23.03.2023;15:00:00;30.11;23.79
1679565600;23.03.2023;16:00:00;29.64;18.02
1679569200;23.03.2023;17:00:00;31.32;15.9
1679572800;23.03.2023;18:00:00;34.63;12.87
1679576400;23.03.2023;19:00:00;40.21;9.18
1679580000;23.03.2023;20:00:00;44.83;7.27
1679583600;23.03.2023;21:00:00;45.8;6.78
1679587200;23.03.2023;22:00:00;48.16;5.83
1679590800;23.03.2023;23:00:00;48.72;5.59
1679594400;24.03.2023;00:00:00;50.46;4.7
1679598000;24.03.2023;01:00:00;51.3;4.19
1679601600;24.03.2023;02:00:00;52.55;3.65
1679605200;24.03.2023;03:00:00;53.41;3.26
1679608800;24.03.2023;04:00:00;53.35;3.07
1679612400;24.03.2023;05:00:00;52.33;3.14
1679616000;24.03.2023;06:00:00;52.26;2.79
1679619600;24.03.2023;07:00:00;52.43;2.97
1679623200;24.03.2023;08:00:00;47.73;5.98
1679626800;24.03.2023;09:00:00;41.17;9.08
1679630400;24.03.2023;10:00:00;36.87;11.63
1679634000;24.03.2023;11:00:00;35.04;13.33
1679637600;24.03.2023;12:00:00;34.08;14.72
1679641200;24.03.2023;13:00:00;32.85;16.1
1679644800;24.03.2023;14:00:00;31.56;16.71
1679648400;24.03.2023;15:00:00;30.83;17.3
1679652000;24.03.2023;16:00:00;30.96;17.18
1679655600;24.03.2023;17:00:00;33.76;15.83
1679659200;24.03.2023;18:00:00;39.01;13.19
1679662800;24.03.2023;19:00:00;44.06;9.95
1679666400;24.03.2023;20:00:00;48.24;7.5
1679670000;24.03.2023;21:00:00;49.74;6.6
1679673600;24.03.2023;22:00:00;51.11;5.91
1679677200;24.03.2023;23:00:00;52.23;5.17
1679680800;25.03.2023;00:00:00;52.52;4.79
1679684400;25.03.2023;01:00:00;53.26;4.75
1679695200;25.03.2023;04:00:00;56.27;3.95
1679698800;25.03.2023;05:00:00;56.53;3.93
1679702400;25.03.2023;06:00:00;55.47;4.09
1679706000;25.03.2023;07:00:00;54.23;4.48
1679709600;25.03.2023;08:00:00;50.01;7.14
1679713200;25.03.2023;09:00:00;45.59;9.99
1679716800;25.03.2023;10:00:00;42.04;11.99
1679720400;25.03.2023;11:00:00;38.23;13.47
1679724000;25.03.2023;12:00:00;35.33;15.18
1679727600;25.03.2023;13:00:00;33.54;16.46
1679731200;25.03.2023;14:00:00;32.71;17.29
1679734800;25.03.2023;15:00:00;32.13;18.06
1679738400;25.03.2023;16:00:00;32.35;17.73
1679742000;25.03.2023;17:00:00;33.93;16.56
1679745600;25.03.2023;18:00:00;37.41;13.81
1679749200;25.03.2023;19:00:00;43.15;10.62
1679752800;25.03.2023;20:00:00;47.26;8.35
1679756400;25.03.2023;21:00:00;49.06;7.58
1679760000;25.03.2023;22:00:00;50.15;6.84
1679763600;25.03.2023;23:00:00;50.81;6.49
1679767200;26.03.2023;00:00:00;51.99;5.99
1679770800;26.03.2023;01:00:00;49.38;5.83
1679774400;26.03.2023;02:00:00;46.22;5.75
1679778000;26.03.2023;03:00:00;45.34;5.59
1679781600;26.03.2023;04:00:00;46.24;5.44
1679785200;26.03.2023;05:00:00;46.79;5.31
1679788800;26.03.2023;06:00:00;47.88;5.49
1679792400;26.03.2023;07:00:00;48.54;6.05
1679796000;26.03.2023;08:00:00;44.66;8.98
1679799600;26.03.2023;09:00:00;40.81;12.37
1679803200;26.03.2023;10:00:00;37.74;15
1679806800;26.03.2023;11:00:00;35.08;16.77
1679810400;26.03.2023;12:00:00;33.14;18.41
1679814000;26.03.2023;13:00:00;30.95;19.85
1679817600;26.03.2023;14:00:00;27.14;21.06
1679821200;26.03.2023;15:00:00;23.44;21.47
1679824800;26.03.2023;16:00:00;22.56;20.96
1679828400;26.03.2023;17:00:00;26.17;19.59
1679832000;26.03.2023;18:00:00;29.24;16.99
1679835600;26.03.2023;19:00:00;34.72;13.14
1679839200;26.03.2023;20:00:00;37.06;11.84
1679842800;26.03.2023;21:00:00;38.45;11.42
1679846400;26.03.2023;22:00:00;40.42;10.69
1679850000;26.03.2023;23:00:00;41.42;9.83
1679853600;27.03.2023;00:00:00;42.98;9.53
1679857200;27.03.2023;01:00:00;44.6;9.23
1679860800;27.03.2023;02:00:00;47.79;7.78
1679864400;27.03.2023;03:00:00;50;6.54
1679868000;27.03.2023;04:00:00;50.93;6.23
1679871600;27.03.2023;05:00:00;52.96;5.53
1679875200;27.03.2023;06:00:00;53.93;4.82
1679878800;27.03.2023;07:00:00;52.68;5.32
1679882400;27.03.2023;08:00:00;48.26;8.31
1679886000;27.03.2023;09:00:00;42.22;11.83
1679889600;27.03.2023;10:00:00;40.82;13.74
1679893200;27.03.2023;11:00:00;39.74;15.1
1679896800;27.03.2023;12:00:00;37.07;16.74
1679900400;27.03.2023;13:00:00;33.54;18.22
1679904000;27.03.2023;14:00:00;31.46;18.88
1679907600;27.03.2023;15:00:00;31;19.32
1679911200;27.03.2023;16:00:00;31.22;19.17
1679914800;27.03.2023;17:00:00;32.17;17.63
1679918400;27.03.2023;18:00:00;33.96;14.98
1679922000;27.03.2023;19:00:00;38.7;11.44
1679925600;27.03.2023;20:00:00;43.25;8.83
1679929200;27.03.2023;21:00:00;44.69;7.55
1679932800;27.03.2023;22:00:00;44.73;6.81
1679936400;27.03.2023;23:00:00;44.95;6.29
1679940000;28.03.2023;00:00:00;46.55;5.52
1679943600;28.03.2023;01:00:00;47.63;5.05
1679947200;28.03.2023;02:00:00;48.16;4.71
1679950800;28.03.2023;03:00:00;49.36;4.35
1679954400;28.03.2023;04:00:00;49.07;4.38
1679958000;28.03.2023;05:00:00;50;3.98
1679961600;28.03.2023;06:00:00;48.95;4.07
1679965200;28.03.2023;07:00:00;48.42;4.83
1679968800;28.03.2023;08:00:00;44.57;7.86
1679972400;28.03.2023;09:00:00;39.82;10.85
1679976000;28.03.2023;10:00:00;37.36;13.24
1679979600;28.03.2023;11:00:00;34.57;15.1
1679983200;28.03.2023;12:00:00;32.88;16.59
1679986800;28.03.2023;13:00:00;31.95;17.99
1679990400;28.03.2023;14:00:00;30.93;19.1
1679994000;28.03.2023;15:00:00;30.05;19.79
1679997600;28.03.2023;16:00:00;29.89;20.01
1680001200;28.03.2023;17:00:00;30.33;19.19
1680004800;28.03.2023;18:00:00;31.92;16.27
1680008400;28.03.2023;19:00:00;37.39;12.74
1680012000;28.03.2023;20:00:00;42.31;10.04
1680015600;28.03.2023;21:00:00;44.11;8.8
1680019200;28.03.2023;22:00:00;44.24;8.31
1680022800;28.03.2023;23:00:00;45.27;7.84
1680026400;29.03.2023;00:00:00;46.51;7.26
1680030000;29.03.2023;01:00:00;46.26;7.26
1680033600;29.03.2023;02:00:00;45.54;7.1
1680037200;29.03.2023;03:00:00;46.16;6.68
1680040800;29.03.2023;04:00:00;46.48;6.42
1680044400;29.03.2023;05:00:00;46.76;6.18
1680048000;29.03.2023;06:00:00;45.22;6.18
1680051600;29.03.2023;07:00:00;40.98;7.84
1680055200;29.03.2023;08:00:00;37.17;11.32
1680058800;29.03.2023;09:00:00;34.16;14.21
1680062400;29.03.2023;10:00:00;31.77;17.33
1680066000;29.03.2023;11:00:00;30.15;19.14
1680069600;29.03.2023;12:00:00;26.58;20.79
1680073200;29.03.2023;13:00:00;22.95;22.65
1680076800;29.03.2023;14:00:00;21.23;24.7
1680080400;29.03.2023;15:00:00;20.22;23.91
1680084000;29.03.2023;16:00:00;21.78;22.27
1680087600;29.03.2023;17:00:00;24.1;20.65
1680091200;29.03.2023;18:00:00;25.86;19.14
1680094800;29.03.2023;19:00:00;30.11;16.31
1680098400;29.03.2023;20:00:00;31.97;15.13
1680102000;29.03.2023;21:00:00;32.62;15.36
1680105600;29.03.2023;22:00:00;33.43;15.22
1680109200;29.03.2023;23:00:00;33.79;15.15
1680112800;30.03.2023;00:00:00;36.45;15.36
1680116400;30.03.2023;01:00:00;38.6;14.8
1680120000;30.03.2023;02:00:00;40.37;14.05
1680123600;30.03.2023;03:00:00;41.81;13.48
1680127200;30.03.2023;04:00:00;42.17;13.46
1680130800;30.03.2023;05:00:00;42.1;13.51
1680134400;30.03.2023;06:00:00;43.5;14.06
1680138000;30.03.2023;07:00:00;49.71;13.95
1680141600;30.03.2023;08:00:00;49.65;14.74
1680145200;30.03.2023;09:00:00;47.29;16.13
1680148800;30.03.2023;10:00:00;47.26;16.88
1680152400;30.03.2023;11:00:00;45.63;17.46
1680156000;30.03.2023;12:00:00;44.36;17.1
1680159600;30.03.2023;13:00:00;50.24;14.82
1680163200;30.03.2023;14:00:00;55.56;13.33
1680166800;30.03.2023;15:00:00;60.64;12.44
1680170400;30.03.2023;16:00:00;68.55;11.01
1680174000;30.03.2023;17:00:00;70.44;10.83
1680177600;30.03.2023;18:00:00;69.3;11.27
1680181200;30.03.2023;19:00:00;70.74;10.8
1680184800;30.03.2023;20:00:00;71.28;10.84
1680188400;30.03.2023;21:00:00;69.38;11.38
1680192000;30.03.2023;22:00:00;68.18;11.4
1680195600;30.03.2023;23:00:00;71.49;9.62
1680199200;31.03.2023;00:00:00;71.59;9.39
1680202800;31.03.2023;01:00:00;72.34;8.73
1680206400;31.03.2023;02:00:00;73.6;7.99
1680210000;31.03.2023;03:00:00;73.51;8.04
1680213600;31.03.2023;04:00:00;73.13;8.23
1680217200;31.03.2023;05:00:00;74.13;7.92
1680220800;31.03.2023;06:00:00;75.72;6.81
1680224400;31.03.2023;07:00:00;74.56;7.49
1680228000;31.03.2023;08:00:00;68.98;10.59
1680231600;31.03.2023;09:00:00;72.77;8.95
1680235200;31.03.2023;10:00:00;74.46;6.69
1680238800;31.03.2023;11:00:00;74.44;5.91
1680242400;31.03.2023;12:00:00;72.49;7.16
1680246000;31.03.2023;13:00:00;74.95;5.57
1680249600;31.03.2023;14:00:00;77.44;4.66
1680253200;31.03.2023;15:00:00;78.59;4.44
1680256800;31.03.2023;16:00:00;78.12;4.49
1680260400;31.03.2023;17:00:00;71.19;6.16
1680264000;31.03.2023;18:00:00;65.99;6.91
1680267600;31.03.2023;19:00:00;65.24;6.37
1680271200;31.03.2023;20:00:00;63.71;6.05
1680274800;31.03.2023;21:00:00;51.05;4.63
1680278400;31.03.2023;22:00:00;52.75;2.67
1680282000;31.03.2023;23:00:00;57.96;1.34
1680285600;01.04.2023;00:00:00;62.3;0.45
1680289200;01.04.2023;01:00:00;67.25;0.01
1680292800;01.04.2023;02:00:00;69.26;-0.46
1680296400;01.04.2023;03:00:00;61.49;-1.28
1680300000;01.04.2023;04:00:00;66.69;-2.17
1680303600;01.04.2023;05:00:00;65.24;-2.61
1680307200;01.04.2023;06:00:00;71.12;-2.9
1680310800;01.04.2023;07:00:00;69.33;-1.63
1680314400;01.04.2023;08:00:00;61.96;-0.16
1680318000;01.04.2023;09:00:00;52.82;2.13
1680321600;01.04.2023;10:00:00;50.4;4.4
1680325200;01.04.2023;11:00:00;48.53;5.75
1680328800;01.04.2023;12:00:00;46.08;7.2
1680332400;01.04.2023;13:00:00;42.74;8.28
1680336000;01.04.2023;14:00:00;40.3;9.58
1680339600;01.04.2023;15:00:00;37.77;10.68
1680343200;01.04.2023;16:00:00;36.24;10.96
1680346800;01.04.2023;17:00:00;35.17;10.45
1680350400;01.04.2023;18:00:00;37.14;7.57
1680354000;01.04.2023;19:00:00;42.18;4.48
1680357600;01.04.2023;20:00:00;47.63;2.74
1680361200;01.04.2023;21:00:00;50.94;1.44
1680364800;01.04.2023;22:00:00;50.57;0.73
1680368400;01.04.2023;23:00:00;51.74;-0.12
1680372000;02.04.2023;00:00:00;53.21;-0.94
1680375600;02.04.2023;01:00:00;54.95;-1.55
1680379200;02.04.2023;02:00:00;52.83;-2.13
1680382800;02.04.2023;03:00:00;52.93;-3.12
1680386400;02.04.2023;04:00:00;53.9;-3.89
1680390000;02.04.2023;05:00:00;57.96;-4.12
1680393600;02.04.2023;06:00:00;56.81;-3.86
1680397200;02.04.2023;07:00:00;52.1;-3.99
1680400800;02.04.2023;08:00:00;51.06;-2.78
1680404400;02.04.2023;09:00:00;45.09;1.25
1680408000;02.04.2023;10:00:00;38.79;5.16
1680411600;02.04.2023;11:00:00;36.59;6.67
1680415200;02.04.2023;12:00:00;35.49;8.34
1680418800;02.04.2023;13:00:00;34.56;10.02
1680429600;02.04.2023;16:00:00;33.64;11.16
1680433200;02.04.2023;17:00:00;34.35;10.55
1680436800;02.04.2023;18:00:00;37.48;7.69
1680440400;02.04.2023;19:00:00;40.52;5.29
1680444000;02.04.2023;20:00:00;46.46;2.79
1680447600;02.04.2023;21:00:00;48.5;1.67
1680451200;02.04.2023;22:00:00;47.36;1.26
1680454800;02.04.2023;23:00:00;46.19;0.99
1680458400;03.04.2023;00:00:00;47.65;-0.02
1680462000;03.04.2023;01:00:00;47.66;-0.83
1680465600;03.04.2023;02:00:00;50.69;-1.92
1680469200;03.04.2023;03:00:00;48.54;-2.41
1680472800;03.04.2023;04:00:00;51.1;-2.9
1680476400;03.04.2023;05:00:00;43.34;-1.29
1680480000;03.04.2023;06:00:00;42.37;-1.07
1680483600;03.04.2023;07:00:00;39.69;0.54
1680487200;03.04.2023;08:00:00;34.43;4.62
1680490800;03.04.2023;09:00:00;35.26;7.01
1680494400;03.04.2023;10:00:00;32.26;9.27
1680498000;03.04.2023;11:00:00;29.41;11.46
1680501600;03.04.2023;12:00:00;26.51;13.26
1680505200;03.04.2023;13:00:00;24.61;14.59
1680508800;03.04.2023;14:00:00;24.97;15.48
1680512400;03.04.2023;15:00:00;24.86;16.43
1680516000;03.04.2023;16:00:00;25.64;16.67
1680519600;03.04.2023;17:00:00;27.34;15.86
1680523200;03.04.2023;18:00:00;30.05;13.27
1680526800;03.04.2023;19:00:00;34.89;9.96
1680530400;03.04.2023;20:00:00;39.66;7.11
1680534000;03.04.2023;21:00:00;42.28;5.71
1680537600;03.04.2023;22:00:00;43.84;4.86
1680541200;03.04.2023;23:00:00;45.15;4.19
1680544800;04.04.2023;00:00:00;45.6;3.78
1680548400;04.04.2023;01:00:00;45.74;3.45
1680552000;04.04.2023;02:00:00;46.55;2.85
1680555600;04.04.2023;03:00:00;46.32;2.49
1680559200;04.04.2023;04:00:00;47.78;1.82
1680562800;04.04.2023;05:00:00;48.57;1.45
1680566400;04.04.2023;06:00:00;48.36;1.4
1680570000;04.04.2023;07:00:00;46.47;3.14
1680573600;04.04.2023;08:00:00;40.42;7.06
1680580800;04.04.2023;10:00:00;35.1;11.84
1680584400;04.04.2023;11:00:00;32.48;14.28
1680588000;04.04.2023;12:00:00;29.28;16.68
1680591600;04.04.2023;13:00:00;27.02;18.03
1680595200;04.04.2023;14:00:00;25.45;18.67
1680598800;04.04.2023;15:00:00;23.66;19.44
1680602400;04.04.2023;16:00:00;23.96;19.56
1680606000;04.04.2023;17:00:00;24.79;18.29
1680609600;04.04.2023;18:00:00;30.38;15.5
1680613200;04.04.2023;19:00:00;34.55;12.53
1680616800;04.04.2023;20:00:00;36.8;10.49
1680620400;04.04.2023;21:00:00;38.9;9.16
1680624000;04.04.2023;22:00:00;38.98;9.22
1680627600;04.04.2023;23:00:00;37.22;9.76
1680631200;05.04.2023;00:00:00;36.5;9.57
1680634800;05.04.2023;01:00:00;37.38;9.14
1680638400;05.04.2023;02:00:00;40.58;8.06
1680642000;05.04.2023;03:00:00;42.96;7.11
1680645600;05.04.2023;04:00:00;42.25;7.57
1680649200;05.04.2023;05:00:00;43.59;7.31
1680652800;05.04.2023;06:00:00;45.22;6.6
1680656400;05.04.2023;07:00:00;43.45;8.18
1680660000;05.04.2023;08:00:00;40.03;11.16
1680663600;05.04.2023;09:00:00;34.83;14.19
1680667200;05.04.2023;10:00:00;31.93;15.93
1680670800;05.04.2023;11:00:00;29.72;17.6
1680674400;05.04.2023;12:00:00;28.38;18.56
1680678000;05.04.2023;13:00:00;27.05;20.06
1680681600;05.04.2023;14:00:00;25.71;21.8
1680685200;05.04.2023;15:00:00;25.47;21.91
1680688800;05.04.2023;16:00:00;27.36;20.3
1680692400;05.04.2023;17:00:00;29.86;18.49
1680696000;05.04.2023;18:00:00;33.59;15.36
1680699600;05.04.2023;19:00:00;36.85;12.52
1680703200;05.04.2023;20:00:00;41.04;10.27
1680706800;05.04.2023;21:00:00;42.5;9.48
1680710400;05.04.2023;22:00:00;42.86;9.06
1680714000;05.04.2023;23:00:00;44.07;8.5
