UNIXTIME;Дата;Время;Температура за окном;Атмосферное давление
1678126920;07.03.2023;00:22:00;8.03;704.2
1678128660;07.03.2023;00:51:00;7.98;704.03
1678130340;07.03.2023;01:19:00;7.34;703.99
1678132080;07.03.2023;01:48:00;6.76;704.21
1678133820;07.03.2023;02:17:00;6.74;704.06
1678135560;07.03.2023;02:46:00;7.39;703.93
1678137300;07.03.2023;03:15:00;7.2;703.84
1678138980;07.03.2023;03:43:00;6.95;703.7
1678140720;07.03.2023;04:12:00;6.86;703.56
1678142460;07.03.2023;04:41:00;6.78;703.61
1678144200;07.03.2023;05:10:00;6.96;703.26
1678145940;07.03.2023;05:39:00;7.35;703.02
1678147620;07.03.2023;06:07:00;5.45;703.04
1678149360;07.03.2023;06:36:00;5.23;703.12
1678151100;07.03.2023;07:05:00;4.85;703.4
1678152840;07.03.2023;07:34:00;4.66;703.38
1678154520;07.03.2023;08:02:00;6.79;703.21
1678156260;07.03.2023;08:31:00;10.22;703.25
1678158000;07.03.2023;09:00:00;13.48;703.24
1678159740;07.03.2023;09:29:00;17.58;703.16
1678161480;07.03.2023;09:58:00;15.37;702.89
1678163220;07.03.2023;10:27:00;15.43;702.78
1678164960;07.03.2023;10:56:00;15.09;702.6
1678166700;07.03.2023;11:25:00;16.41;702.15
1678168440;07.03.2023;11:54:00;17.95;701.91
1678170120;07.03.2023;12:22:00;18.37;701.78
1678171860;07.03.2023;12:51:00;21.53;701.8
1678173600;07.03.2023;13:20:00;23;701.68
1678175340;07.03.2023;13:49:00;20.5;701.38
1678177080;07.03.2023;14:18:00;22.08;701.36
1678178820;07.03.2023;14:47:00;21.71;701.27
1678180500;07.03.2023;15:15:00;21.64;701.24
1678182240;07.03.2023;15:44:00;19.83;701.06
1678183980;07.03.2023;16:13:00;19.53;701.03
1678185720;07.03.2023;16:42:00;19.14;701.09
1678187400;07.03.2023;17:10:00;18.7;700.96
1678189140;07.03.2023;17:39:00;18.16;701.03
1678190880;07.03.2023;18:08:00;17.55;701.05
1678192620;07.03.2023;18:37:00;16.49;700.91
1678194300;07.03.2023;19:05:00;15.19;700.98
1678196040;07.03.2023;19:34:00;14.22;701.02
1678197780;07.03.2023;20:03:00;13.05;700.87
1678199520;07.03.2023;20:32:00;12.46;700.68
1678201200;07.03.2023;21:00:00;11.15;700.6
1678202940;07.03.2023;21:29:00;10.67;700.46
1678204680;07.03.2023;21:58:00;10.42;700.36
1678206420;07.03.2023;22:27:00;9.51;700.53
1678208160;07.03.2023;22:56:00;8.74;700.55
1678209900;07.03.2023;23:25:00;8.45;700.31
1678211580;07.03.2023;23:53:00;8.11;700.07
1678213320;08.03.2023;00:22:00;7.4;700.12
1678215060;08.03.2023;00:51:00;7.27;700.07
1678216800;08.03.2023;01:20:00;7.02;699.82
1678218540;08.03.2023;01:49:00;6.77;699.47
1678220220;08.03.2023;02:17:00;6.68;699.4
1678221960;08.03.2023;02:46:00;6.53;699.37
1678223700;08.03.2023;03:15:00;6.57;699.16
1678225440;08.03.2023;03:44:00;6.25;698.96
1678227180;08.03.2023;04:13:00;6.11;698.93
1678228860;08.03.2023;04:41:00;6.12;698.9
1678230600;08.03.2023;05:10:00;6.63;698.79
1678232340;08.03.2023;05:39:00;6.78;698.56
1678234080;08.03.2023;06:08:00;6.3;698.68
1678235820;08.03.2023;06:37:00;6;698.76
1678237500;08.03.2023;07:05:00;5.8;698.7
1678239240;08.03.2023;07:34:00;5.78;698.74
1678240980;08.03.2023;08:03:00;6.64;698.82
1678242720;08.03.2023;08:32:00;8.15;698.81
1678244400;08.03.2023;09:00:00;8.76;699.07
1678246140;08.03.2023;09:29:00;9.79;698.98
1678247880;08.03.2023;09:58:00;11.01;698.71
1678249620;08.03.2023;10:27:00;11.73;698.64
1678251360;08.03.2023;10:56:00;14.15;698.74
1678253100;08.03.2023;11:25:00;14.17;698.56
1678254780;08.03.2023;11:53:00;14.77;698.35
1678256520;08.03.2023;12:22:00;14.96;698.02
1678258260;08.03.2023;12:51:00;15.24;697.86
1678260000;08.03.2023;13:20:00;15.28;697.63
1678261740;08.03.2023;13:49:00;15.4;697.54
1678263420;08.03.2023;14:17:00;15.53;697.42
1678265160;08.03.2023;14:46:00;15.53;697.1
1678268640;08.03.2023;15:44:00;15.18;697.03
1678270380;08.03.2023;16:13:00;15.08;697.11
1678273800;08.03.2023;17:10:00;14.08;701.03
1678275540;08.03.2023;17:39:00;14.21;703.62
1678277280;08.03.2023;18:08:00;14.12;704.79
1678279020;08.03.2023;18:37:00;13.88;705.49
1678280700;08.03.2023;19:05:00;12.54;706.16
1678282440;08.03.2023;19:34:00;10.78;706.83
1678284180;08.03.2023;20:03:00;10.16;708.16
1678285920;08.03.2023;20:32:00;8.47;708.98
1678287600;08.03.2023;21:00:00;7.17;709.43
1678289340;08.03.2023;21:29:00;6.66;710
1678291080;08.03.2023;21:58:00;6.21;710.33
1678292820;08.03.2023;22:27:00;6.18;710.9
1678294500;08.03.2023;22:55:00;5.64;710.66
1678296240;08.03.2023;23:24:00;5.63;710.76
1678297980;08.03.2023;23:53:00;5.11;710.66
1678299720;09.03.2023;00:22:00;4.56;710.58
1678301400;09.03.2023;00:50:00;4.09;710.48
1678303140;09.03.2023;01:19:00;3.79;710.42
1678304880;09.03.2023;01:48:00;3.59;710.3
1678306560;09.03.2023;02:16:00;4.09;709.99
1678308300;09.03.2023;02:45:00;4.05;709.93
1678310040;09.03.2023;03:14:00;3.51;709.79
1678311780;09.03.2023;03:43:00;3.65;709.65
1678313520;09.03.2023;04:12:00;3.74;709.37
1678315260;09.03.2023;04:41:00;3.79;709.33
1678316940;09.03.2023;05:09:00;3.96;709.47
1678318680;09.03.2023;05:38:00;3.09;709.46
1678320420;09.03.2023;06:07:00;2.9;709.24
1678322160;09.03.2023;06:36:00;2.83;709.22
1678323900;09.03.2023;07:05:00;2.91;709.11
1678325580;09.03.2023;07:33:00;2.75;709
1678327320;09.03.2023;08:02:00;2.65;708.96
1678329060;09.03.2023;08:31:00;1.87;708.89
1678330800;09.03.2023;09:00:00;1.96;708.81
1678332540;09.03.2023;09:29:00;2.48;708.88
1678334220;09.03.2023;09:57:00;2.79;708.89
1678335960;09.03.2023;10:26:00;3.12;709
1678337700;09.03.2023;10:55:00;3.65;708.75
1678339440;09.03.2023;11:24:00;4.28;708.78
1678341120;09.03.2023;11:52:00;4.88;708.58
1678342860;09.03.2023;12:21:00;6.45;708.29
1678344600;09.03.2023;12:50:00;6.4;708.26
1678346340;09.03.2023;13:19:00;6.91;708.35
1678348080;09.03.2023;13:48:00;7.79;708.3
1678349820;09.03.2023;14:17:00;6.83;708.23
1678351500;09.03.2023;14:45:00;7.69;708.08
1678353240;09.03.2023;15:14:00;7.95;707.98
1678354980;09.03.2023;15:43:00;8.03;707.94
1678356720;09.03.2023;16:12:00;7.97;707.93
1678358400;09.03.2023;16:40:00;7.93;708.02
1678360140;09.03.2023;17:09:00;7.51;708.08
1678361880;09.03.2023;17:38:00;7.48;708.15
1678363620;09.03.2023;18:07:00;7.48;708.12
1678365300;09.03.2023;18:35:00;7.2;708.19
1678367040;09.03.2023;19:04:00;7.28;708.18
1678368780;09.03.2023;19:33:00;6.92;708.27
1678370520;09.03.2023;20:02:00;6.06;708.24
1678372200;09.03.2023;20:30:00;5.42;708.27
1678373940;09.03.2023;20:59:00;5.04;708.36
1678375680;09.03.2023;21:28:00;4.5;708.46
1678377420;09.03.2023;21:57:00;4.53;708.44
1678379160;09.03.2023;22:26:00;4.08;708.44
1678380900;09.03.2023;22:55:00;3.68;708.38
1678382580;09.03.2023;23:23:00;3.41;708.21
1678384320;09.03.2023;23:52:00;3.01;708.21
1678387800;10.03.2023;00:50:00;2.27;708.02
1678389480;10.03.2023;01:18:00;1.92;707.93
1678391220;10.03.2023;01:47:00;1.57;707.87
1678392960;10.03.2023;02:16:00;1.46;707.99
1678394700;10.03.2023;02:45:00;1.42;708
1678396440;10.03.2023;03:14:00;1.08;707.96
1678398120;10.03.2023;03:42:00;0.91;707.95
1678399860;10.03.2023;04:11:00;0.74;707.72
1678401600;10.03.2023;04:40:00;0.69;707.64
1678403340;10.03.2023;05:09:00;0.06;707.5
1678405020;10.03.2023;05:37:00;-0.28;707.55
1678406760;10.03.2023;06:06:00;-0.4;707.39
1678408500;10.03.2023;06:35:00;-0.49;707.33
1678410240;10.03.2023;07:04:00;-0.59;707.18
1678411980;10.03.2023;07:33:00;-0.05;707.11
1678413660;10.03.2023;08:01:00;1.13;706.96
1678415400;10.03.2023;08:30:00;2.32;706.8
1678417140;10.03.2023;08:59:00;3.68;706.77
1678418880;10.03.2023;09:28:00;4.25;706.95
1678420620;10.03.2023;09:57:00;4.2;706.88
1678422360;10.03.2023;10:26:00;9;706.65
1678424100;10.03.2023;10:55:00;8.24;706.56
1678425840;10.03.2023;11:24:00;8.58;706.37
1678427520;10.03.2023;11:52:00;11.01;706
1678429260;10.03.2023;12:21:00;12.62;705.77
1678431000;10.03.2023;12:50:00;14.17;705.62
1678432740;10.03.2023;13:19:00;16.26;705.19
1678434480;10.03.2023;13:48:00;14.54;704.97
1678436160;10.03.2023;14:16:00;16.23;704.54
1678437900;10.03.2023;14:45:00;17.81;704.31
1678439640;10.03.2023;15:14:00;18.64;703.98
1678441380;10.03.2023;15:43:00;16;703.73
1678443060;10.03.2023;16:11:00;16.03;703.58
1678444800;10.03.2023;16:40:00;15.67;703.62
1678446540;10.03.2023;17:09:00;15.27;703.63
1678448280;10.03.2023;17:38:00;14.81;703.79
1678450020;10.03.2023;18:07:00;14.13;703.72
1678451700;10.03.2023;18:35:00;13.3;703.6
1678453440;10.03.2023;19:04:00;12.43;703.64
1678455180;10.03.2023;19:33:00;11.66;703.69
1678456920;10.03.2023;20:02:00;11.16;703.76
1678458600;10.03.2023;20:30:00;10.79;703.55
1678460340;10.03.2023;20:59:00;9.66;703.31
1678462080;10.03.2023;21:28:00;8.87;703.17
1678463820;10.03.2023;21:57:00;8.41;703.04
1678465500;10.03.2023;22:25:00;8.11;703.01
1678467240;10.03.2023;22:54:00;8.75;703
1678468980;10.03.2023;23:23:00;8.05;703.2
1678470720;10.03.2023;23:52:00;7.68;703.22
1678472460;11.03.2023;00:21:00;7.12;703.03
1678474200;11.03.2023;00:50:00;6.91;702.82
1678475880;11.03.2023;01:18:00;6.53;702.83
1678477620;11.03.2023;01:47:00;6.71;702.66
1678479360;11.03.2023;02:16:00;6.04;702.56
1678481100;11.03.2023;02:45:00;6.36;702.22
1678482840;11.03.2023;03:14:00;5.74;701.96
1678484520;11.03.2023;03:42:00;5.16;701.86
1678486260;11.03.2023;04:11:00;4.7;701.78
1678488000;11.03.2023;04:40:00;5.45;701.76
1678489740;11.03.2023;05:09:00;5.66;701.79
1678491480;11.03.2023;05:38:00;4.5;701.67
1678493160;11.03.2023;06:06:00;4.11;701.75
1678494900;11.03.2023;06:35:00;4.43;701.87
1678496640;11.03.2023;07:04:00;4.11;701.76
1678498380;11.03.2023;07:33:00;4.85;701.74
1678500120;11.03.2023;08:02:00;7.51;701.64
1678501860;11.03.2023;08:31:00;10.87;701.7
1678503600;11.03.2023;09:00:00;14.47;701.72
1678505280;11.03.2023;09:28:00;17.57;701.71
1678507020;11.03.2023;09:57:00;17.17;701.55
1678508760;11.03.2023;10:26:00;18.34;701.38
1678510500;11.03.2023;10:55:00;17.67;701.03
1678512240;11.03.2023;11:24:00;19.37;700.76
1678513980;11.03.2023;11:53:00;22.03;700.36
1678515660;11.03.2023;12:21:00;21.19;700.15
1678517400;11.03.2023;12:50:00;22.03;699.99
1678519140;11.03.2023;13:19:00;23.97;699.68
1678520880;11.03.2023;13:48:00;23.23;699.52
1678522620;11.03.2023;14:17:00;23;699.48
1678524360;11.03.2023;14:46:00;24.39;699.34
1678526040;11.03.2023;15:14:00;22.75;699.21
1678527780;11.03.2023;15:43:00;21.88;699.19
1678529520;11.03.2023;16:12:00;21.5;699.19
1678531260;11.03.2023;16:41:00;20.52;699.2
1678532940;11.03.2023;17:09:00;20.07;699.1
1678534680;11.03.2023;17:38:00;19.68;699.12
1678536420;11.03.2023;18:07:00;19.06;699.04
1678538160;11.03.2023;18:36:00;18.33;699.11
1678539900;11.03.2023;19:05:00;17.28;699.11
1678541580;11.03.2023;19:33:00;16.22;699.16
1678543320;11.03.2023;20:02:00;15.2;699.26
1678545060;11.03.2023;20:31:00;14.52;699.37
1678546800;11.03.2023;21:00:00;14.22;699.38
1678548480;11.03.2023;21:28:00;13.26;699.55
1678550220;11.03.2023;21:57:00;12.98;699.76
1678551960;11.03.2023;22:26:00;13.29;699.73
1678553700;11.03.2023;22:55:00;13.5;699.83
1678555380;11.03.2023;23:23:00;12.83;699.93
1678557120;11.03.2023;23:52:00;13.67;699.96
1678558860;12.03.2023;00:21:00;11.71;699.87
1678560600;12.03.2023;00:50:00;12.09;699.87
1678562340;12.03.2023;01:19:00;11.55;699.9
1678564020;12.03.2023;01:47:00;11.63;699.97
1678565760;12.03.2023;02:16:00;12.25;700.01
1678567500;12.03.2023;02:45:00;12.22;700.01
1678569240;12.03.2023;03:14:00;12.51;700.03
1678570980;12.03.2023;03:43:00;12.26;699.99
1678572720;12.03.2023;04:12:00;11.85;700.32
1678574400;12.03.2023;04:40:00;11.35;700.64
1678576140;12.03.2023;05:09:00;12.07;700.86
1678577880;12.03.2023;05:38:00;13.05;701.12
1678579620;12.03.2023;06:07:00;13.33;701.37
1678581360;12.03.2023;06:36:00;12.3;701.73
1678583040;12.03.2023;07:04:00;12.15;701.95
1678584780;12.03.2023;07:33:00;12.15;702.18
1678586520;12.03.2023;08:02:00;12.9;702.39
1678588260;12.03.2023;08:31:00;14.02;702.64
1678590000;12.03.2023;09:00:00;14.44;702.74
1678591740;12.03.2023;09:29:00;15.04;702.84
1678593420;12.03.2023;09:57:00;14.33;702.71
1678595160;12.03.2023;10:26:00;14.77;702.46
1678596900;12.03.2023;10:55:00;16.54;702.14
1678598640;12.03.2023;11:24:00;18.54;701.75
1678600380;12.03.2023;11:53:00;16.9;701.54
1678602060;12.03.2023;12:21:00;18.22;701.3
1678603800;12.03.2023;12:50:00;17.07;700.91
1678605540;12.03.2023;13:19:00;18.82;700.63
1678607280;12.03.2023;13:48:00;17.97;700.47
1678610700;12.03.2023;14:45:00;17.49;700.64
1678614180;12.03.2023;15:43:00;16.36;701.21
1678615920;12.03.2023;16:12:00;15.51;701.45
1678617660;12.03.2023;16:41:00;15.32;701.69
1678619340;12.03.2023;17:09:00;14.55;701.69
1678621080;12.03.2023;17:38:00;13.84;701.9
1678622820;12.03.2023;18:07:00;12.76;702.25
1678624500;12.03.2023;18:35:00;12.18;702.4
1678626240;12.03.2023;19:04:00;11.75;702.77
1678627980;12.03.2023;19:33:00;11.49;702.95
1678629720;12.03.2023;20:02:00;11.32;703.16
1678631400;12.03.2023;20:30:00;10.91;703.2
1678633140;12.03.2023;20:59:00;10.79;703.1
1678634880;12.03.2023;21:28:00;10.79;703.17
1678636620;12.03.2023;21:57:00;10.65;703.32
1678638360;12.03.2023;22:26:00;10.45;703.55
1678640040;12.03.2023;22:54:00;10.36;703.78
1678641780;12.03.2023;23:23:00;8.99;704.26
1678643520;12.03.2023;23:52:00;8.34;704.71
1678647000;13.03.2023;00:50:00;7.53;705.62
1678648740;13.03.2023;01:19:00;7.53;705.53
1678650420;13.03.2023;01:47:00;7.33;705.56
1678652160;13.03.2023;02:16:00;7.32;705.77
1678653900;13.03.2023;02:45:00;7.38;705.83
1678657380;13.03.2023;03:43:00;7.52;705.83
1678659120;13.03.2023;04:12:00;7.47;705.75
1678660800;13.03.2023;04:40:00;7.4;705.79
1678662540;13.03.2023;05:09:00;7.16;705.98
1678664280;13.03.2023;05:38:00;6.96;706.14
1678666020;13.03.2023;06:07:00;6.86;706.31
1678667760;13.03.2023;06:36:00;6.75;706.39
1678669440;13.03.2023;07:04:00;6.29;706.52
1678671180;13.03.2023;07:33:00;6.18;706.6
1678672920;13.03.2023;08:02:00;6.22;706.64
1678674660;13.03.2023;08:31:00;6.36;706.8
1678676400;13.03.2023;09:00:00;6.52;706.85
1678678080;13.03.2023;09:28:00;6.83;707.07
1678679820;13.03.2023;09:57:00;7.09;707.19
1678681560;13.03.2023;10:26:00;7.26;707.29
1678683300;13.03.2023;10:55:00;7.94;707.31
1678685040;13.03.2023;11:24:00;7.86;707.41
1678686780;13.03.2023;11:53:00;8.42;707.52
1678688520;13.03.2023;12:22:00;8.62;707.51
1678690200;13.03.2023;12:50:00;9.64;707.39
1678691940;13.03.2023;13:19:00;13.5;707.18
1678693680;13.03.2023;13:48:00;11.76;707.05
1678695420;13.03.2023;14:17:00;10.43;707.01
1678697160;13.03.2023;14:46:00;11.04;706.99
1678698840;13.03.2023;15:14:00;10.61;706.96
1678702320;13.03.2023;16:12:00;10.52;706.98
1678704060;13.03.2023;16:41:00;9.78;707
1678705740;13.03.2023;17:09:00;9.03;707.14
1678707480;13.03.2023;17:38:00;7.99;707.18
1678709220;13.03.2023;18:07:00;7.6;707.21
1678710960;13.03.2023;18:36:00;7.26;707.23
1678712700;13.03.2023;19:05:00;6.7;707.24
1678714380;13.03.2023;19:33:00;6.34;707.14
1678716120;13.03.2023;20:02:00;5.67;707.19
1678717860;13.03.2023;20:31:00;5.12;707.09
1678721340;13.03.2023;21:29:00;5.27;707.16
1678723020;13.03.2023;21:57:00;5.04;707.11
1678725300;13.03.2023;22:35:00;4.91;706.85
1678726980;13.03.2023;23:03:00;4.73;706.58
1678728720;13.03.2023;23:32:00;4.57;706.31
1678730460;14.03.2023;00:01:00;4.8;706.15
1678732140;14.03.2023;00:29:00;4.58;706.04
1678733880;14.03.2023;00:58:00;4.48;705.92
1678735620;14.03.2023;01:27:00;4.5;705.72
1678737360;14.03.2023;01:56:00;4.68;705.59
1678739040;14.03.2023;02:24:00;4.02;705.43
1678740780;14.03.2023;02:53:00;3.53;705.44
1678742520;14.03.2023;03:22:00;2.96;705.41
1678744200;14.03.2023;03:50:00;3.21;705.36
1678745940;14.03.2023;04:19:00;2.87;705.4
1678747680;14.03.2023;04:48:00;2.64;705.47
1678749420;14.03.2023;05:17:00;2.74;705.47
1678751100;14.03.2023;05:45:00;2.81;705.49
1678756320;14.03.2023;07:12:00;3;705.39
1678758000;14.03.2023;07:40:00;3.06;705.34
1678759740;14.03.2023;08:09:00;3.32;705.35
1678761480;14.03.2023;08:38:00;3.71;705.39
1678763160;14.03.2023;09:06:00;3.96;705.46
1678764900;14.03.2023;09:35:00;3.75;705.48
1678766640;14.03.2023;10:04:00;2.89;705.45
1678768380;14.03.2023;10:33:00;3.09;705.5
1678770060;14.03.2023;11:01:00;4.07;705.31
1678771800;14.03.2023;11:30:00;4.21;705.11
1678773540;14.03.2023;11:59:00;4.9;704.99
1678775280;14.03.2023;12:28:00;5.42;704.84
1678776960;14.03.2023;12:56:00;5.96;704.71
1678778700;14.03.2023;13:25:00;6.62;704.54
1678780440;14.03.2023;13:54:00;7.31;704.34
1678782180;14.03.2023;14:23:00;8.81;704.06
1678783920;14.03.2023;14:52:00;11.2;703.94
1678785600;14.03.2023;15:20:00;10.21;703.68
1678787340;14.03.2023;15:49:00;10.02;703.65
1678789080;14.03.2023;16:18:00;10.14;703.64
1678790820;14.03.2023;16:47:00;11.08;703.48
1678792500;14.03.2023;17:15:00;10.55;703.61
1678794240;14.03.2023;17:44:00;9.41;703.7
1678795980;14.03.2023;18:13:00;8.62;703.88
1678797660;14.03.2023;18:41:00;7.48;704.01
1678799400;14.03.2023;19:10:00;6.82;704.09
1678801140;14.03.2023;19:39:00;6.43;704.16
1678802880;14.03.2023;20:08:00;6.04;704.29
1678804560;14.03.2023;20:36:00;5.82;704.24
1678806300;14.03.2023;21:05:00;5.43;704.1
1678808040;14.03.2023;21:34:00;5.08;704.26
1678809780;14.03.2023;22:03:00;4.65;704.21
1678811520;14.03.2023;22:32:00;5.04;704.12
1678813200;14.03.2023;23:00:00;4.59;703.96
1678814940;14.03.2023;23:29:00;4.55;703.85
1678818420;15.03.2023;00:27:00;3.26;703.67
1678820100;15.03.2023;00:55:00;3.04;703.57
1678821840;15.03.2023;01:24:00;2.53;703.52
1678823580;15.03.2023;01:53:00;2.22;703.39
1678825260;15.03.2023;02:21:00;1.99;703.36
1678827000;15.03.2023;02:50:00;1.79;703.04
1678828740;15.03.2023;03:19:00;1.64;702.8
1678830480;15.03.2023;03:48:00;1.05;702.72
1678832160;15.03.2023;04:16:00;0.78;702.71
1678833900;15.03.2023;04:45:00;0.7;702.7
1678835640;15.03.2023;05:14:00;0.52;702.74
1678837380;15.03.2023;05:43:00;0.42;702.85
1678839060;15.03.2023;06:11:00;0.11;702.94
1678840800;15.03.2023;06:40:00;0.25;702.86
1678842540;15.03.2023;07:09:00;0.13;702.85
1678844280;15.03.2023;07:38:00;2.25;702.86
1678845960;15.03.2023;08:06:00;5.85;702.93
1678847700;15.03.2023;08:35:00;6.61;703.04
1678849440;15.03.2023;09:04:00;7.43;703.13
1678851180;15.03.2023;09:33:00;12.35;703.13
1678852920;15.03.2023;10:02:00;11.25;703.13
1678854660;15.03.2023;10:31:00;13.71;703.22
1678856400;15.03.2023;11:00:00;13.81;703.11
1678858080;15.03.2023;11:28:00;14.29;703.25
1678859820;15.03.2023;11:57:00;18.74;703.1
1678861560;15.03.2023;12:26:00;18.2;703.08
1678863300;15.03.2023;12:55:00;18.3;703.05
1678865040;15.03.2023;13:24:00;19.71;702.88
1678866720;15.03.2023;13:52:00;19.2;702.64
1678868460;15.03.2023;14:21:00;22.48;702.38
1678870200;15.03.2023;14:50:00;20.24;702.32
1678871880;15.03.2023;15:18:00;18.54;702.26
1678873620;15.03.2023;15:47:00;17.59;702.58
1678875360;15.03.2023;16:16:00;16.25;702.84
1678877040;15.03.2023;16:44:00;15.68;703.07
1678878780;15.03.2023;17:13:00;15.38;703.18
1678880520;15.03.2023;17:42:00;14.63;703.46
1678882200;15.03.2023;18:10:00;13.98;703.73
1678883940;15.03.2023;18:39:00;13.43;704.08
1678887420;15.03.2023;19:37:00;12.89;704.57
1678889100;15.03.2023;20:05:00;12.94;704.7
1678890840;15.03.2023;20:34:00;12.48;704.81
1678892580;15.03.2023;21:03:00;11.67;705.02
1678894320;15.03.2023;21:32:00;10.78;705.2
1678896000;15.03.2023;22:00:00;9.7;705.44
1678897740;15.03.2023;22:29:00;9.21;705.35
1678899480;15.03.2023;22:58:00;9.04;705.22
1678901160;15.03.2023;23:26:00;8.64;705.33
1678902900;15.03.2023;23:55:00;8.71;705.23
1678906380;16.03.2023;00:53:00;8.87;705.17
1678908060;16.03.2023;01:21:00;8.31;705.14
1678909800;16.03.2023;01:50:00;8.21;705.05
1678911540;16.03.2023;02:19:00;8.52;705.05
1678913280;16.03.2023;02:48:00;8.32;704.86
1678914960;16.03.2023;03:16:00;7.97;704.84
1678916700;16.03.2023;03:45:00;7.67;704.74
1678918440;16.03.2023;04:14:00;7.56;704.9
1678920180;16.03.2023;04:43:00;7.03;704.96
1678921860;16.03.2023;05:11:00;6.6;704.99
1678923600;16.03.2023;05:40:00;5.98;705.23
1678925340;16.03.2023;06:09:00;5.06;705.41
1678927080;16.03.2023;06:38:00;5.22;705.6
1678928760;16.03.2023;07:06:00;4.77;705.65
1678930500;16.03.2023;07:35:00;4.85;705.83
1678932240;16.03.2023;08:04:00;4.24;705.71
1678933980;16.03.2023;08:33:00;4.39;706.18
1678935720;16.03.2023;09:02:00;3.99;706.31
1678937400;16.03.2023;09:30:00;3.75;706.56
1678939140;16.03.2023;09:59:00;3.35;706.55
1678940880;16.03.2023;10:28:00;3.44;706.53
1678942560;16.03.2023;10:56:00;3.15;706.37
1678944300;16.03.2023;11:25:00;3.29;706.33
1678946040;16.03.2023;11:54:00;3.61;706.07
1678947780;16.03.2023;12:23:00;3.39;706.13
1678949460;16.03.2023;12:51:00;3.58;706.14
1678951200;16.03.2023;13:20:00;3.43;706.1
1678952940;16.03.2023;13:49:00;3.61;705.87
1678954680;16.03.2023;14:18:00;3.75;705.68
1678956420;16.03.2023;14:47:00;3.99;705.56
1678958100;16.03.2023;15:15:00;3.53;705.42
1678959840;16.03.2023;15:44:00;3.93;705.31
1678961580;16.03.2023;16:13:00;4.24;705.38
1678963320;16.03.2023;16:42:00;4.05;705.24
1678965000;16.03.2023;17:10:00;3.82;705.32
1678966740;16.03.2023;17:39:00;4.01;705.32
1678968480;16.03.2023;18:08:00;4;705.55
1678970220;16.03.2023;18:37:00;3.91;705.58
1678971900;16.03.2023;19:05:00;4.04;705.59
1678973640;16.03.2023;19:34:00;3.97;705.75
1678975380;16.03.2023;20:03:00;4.03;705.83
1678977120;16.03.2023;20:32:00;4.06;705.83
1678978800;16.03.2023;21:00:00;4.45;705.71
1678980540;16.03.2023;21:29:00;4.75;705.76
1678982280;16.03.2023;21:58:00;4.4;705.64
1678984020;16.03.2023;22:27:00;4.03;705.57
1678985700;16.03.2023;22:55:00;4.09;705.4
1678987440;16.03.2023;23:24:00;4.05;705.26
1678989180;16.03.2023;23:53:00;4.13;705.21
1678990920;17.03.2023;00:22:00;4.18;704.9
1678992600;17.03.2023;00:50:00;3.95;704.7
1678994340;17.03.2023;01:19:00;3.95;704.6
1678996080;17.03.2023;01:48:00;3.75;704.52
1678997820;17.03.2023;02:17:00;3.56;704.33
1678999500;17.03.2023;02:45:00;3.61;703.88
1679001240;17.03.2023;03:14:00;3.49;703.62
1679002980;17.03.2023;03:43:00;3.52;703.18
1679004660;17.03.2023;04:11:00;3.63;702.89
1679006400;17.03.2023;04:40:00;3.51;702.79
1679008140;17.03.2023;05:09:00;3.34;702.92
1679009880;17.03.2023;05:38:00;3.29;702.83
1679011620;17.03.2023;06:07:00;3.32;702.92
1679013300;17.03.2023;06:35:00;3.35;702.94
1679015040;17.03.2023;07:04:00;3.22;703.04
1679016780;17.03.2023;07:33:00;3.16;703
1679018460;17.03.2023;08:01:00;3.38;702.96
1679020200;17.03.2023;08:30:00;3.97;702.92
1679021940;17.03.2023;08:59:00;4.45;703.03
1679023680;17.03.2023;09:28:00;5.5;703.21
1679025420;17.03.2023;09:57:00;5.87;703.13
1679027160;17.03.2023;10:26:00;7.09;703.01
1679028900;17.03.2023;10:55:00;7.86;702.91
1679030640;17.03.2023;11:24:00;8.67;702.65
1679032380;17.03.2023;11:53:00;9.35;702.47
1679034060;17.03.2023;12:21:00;9.15;702.41
1679035800;17.03.2023;12:50:00;11.9;702.22
1679037480;17.03.2023;13:18:00;9.14;702.03
1679039220;17.03.2023;13:47:00;9.5;701.81
1679040960;17.03.2023;14:16:00;10.37;701.53
1679042640;17.03.2023;14:44:00;9.5;701.27
1679044380;17.03.2023;15:13:00;10.28;701.17
1679046120;17.03.2023;15:42:00;10.17;701.16
1679047860;17.03.2023;16:11:00;10.51;701.09
1679049600;17.03.2023;16:40:00;10.93;700.91
1679051280;17.03.2023;17:08:00;10.08;700.95
1679053020;17.03.2023;17:37:00;9.86;700.91
1679054760;17.03.2023;18:06:00;9.44;700.76
1679056500;17.03.2023;18:35:00;9.21;700.74
1679058180;17.03.2023;19:03:00;9.09;700.79
1679059920;17.03.2023;19:32:00;9.02;700.9
1679061660;17.03.2023;20:01:00;6.91;701.28
1679063400;17.03.2023;20:30:00;6.26;701.48
1679065080;17.03.2023;20:58:00;5.61;701.61
1679066820;17.03.2023;21:27:00;5.53;701.95
1679068560;17.03.2023;21:56:00;5.02;701.84
1679070240;17.03.2023;22:24:00;4.76;701.81
1679071980;17.03.2023;22:53:00;4.41;701.8
1679073720;17.03.2023;23:22:00;4.06;701.66
1679075460;17.03.2023;23:51:00;2.97;701.67
1679077200;18.03.2023;00:20:00;2.78;701.57
1679078880;18.03.2023;00:48:00;2.5;701.39
1679080620;18.03.2023;01:17:00;2.13;701.31
1679082360;18.03.2023;01:46:00;1.81;701.1
1679084100;18.03.2023;02:15:00;1.61;700.88
1679085780;18.03.2023;02:43:00;1.39;700.67
1679087520;18.03.2023;03:12:00;1.21;700.67
1679089260;18.03.2023;03:41:00;1.18;700.66
1679091000;18.03.2023;04:10:00;0.94;700.49
1679092680;18.03.2023;04:38:00;0.87;700.52
1679094420;18.03.2023;05:07:00;0.82;700.52
1679096160;18.03.2023;05:36:00;0.7;700.73
1679097900;18.03.2023;06:05:00;0.15;700.89
1679099580;18.03.2023;06:33:00;0;701.02
1679101320;18.03.2023;07:02:00;-0.31;701.09
1679103060;18.03.2023;07:31:00;-0.66;701.24
1679104800;18.03.2023;08:00:00;-0.7;701.54
1679106480;18.03.2023;08:28:00;-0.89;701.63
1679108220;18.03.2023;08:57:00;-0.47;701.88
1679109960;18.03.2023;09:26:00;0.03;701.98
1679111700;18.03.2023;09:55:00;0.29;702.15
1679113440;18.03.2023;10:24:00;-0.02;702.27
1679115120;18.03.2023;10:52:00;-0.27;702.43
1679116860;18.03.2023;11:21:00;0.1;702.6
1679118600;18.03.2023;11:50:00;-0.14;702.68
1679120340;18.03.2023;12:19:00;-0.24;702.68
1679122080;18.03.2023;12:48:00;-0.36;702.8
1679123760;18.03.2023;13:16:00;-0.06;702.76
1679125500;18.03.2023;13:45:00;-0.26;702.85
1679127240;18.03.2023;14:14:00;-0.3;702.89
1679128980;18.03.2023;14:43:00;-0.85;702.92
1679130660;18.03.2023;15:11:00;-1.03;703.16
1679132400;18.03.2023;15:40:00;-0.73;703.47
1679134140;18.03.2023;16:09:00;-0.83;703.73
1679135820;18.03.2023;16:37:00;-0.72;704.11
1679137560;18.03.2023;17:06:00;-0.77;704.34
1679139300;18.03.2023;17:35:00;-1.09;704.45
1679141040;18.03.2023;18:04:00;-1.15;704.51
1679142720;18.03.2023;18:32:00;-1.07;704.42
1679144460;18.03.2023;19:01:00;-1.23;704.28
1679146200;18.03.2023;19:30:00;-1.44;704.51
1679147940;18.03.2023;19:59:00;-1.45;704.8
1679149680;18.03.2023;20:28:00;-1.31;705.06
1679151360;18.03.2023;20:56:00;-0.95;705.26
1679153100;18.03.2023;21:25:00;-1.28;705.26
1679154840;18.03.2023;21:54:00;-1.26;705.5
1679156580;18.03.2023;22:23:00;-1.54;705.71
1679158260;18.03.2023;22:51:00;-1.44;705.67
1679160000;18.03.2023;23:20:00;-2.03;705.73
1679161740;18.03.2023;23:49:00;-2.16;705.66
1679163480;19.03.2023;00:18:00;-2.13;705.84
1679165160;19.03.2023;00:46:00;-2.29;705.68
1679166900;19.03.2023;01:15:00;-2.07;705.71
1679168640;19.03.2023;01:44:00;-2.67;705.68
1679170380;19.03.2023;02:13:00;-3;705.69
1679172120;19.03.2023;02:42:00;-2.96;705.71
1679173800;19.03.2023;03:10:00;-3.16;705.55
1679175540;19.03.2023;03:39:00;-3.49;705.43
1679177280;19.03.2023;04:08:00;-3.06;705.38
1679179020;19.03.2023;04:37:00;-3.64;705.29
1679180700;19.03.2023;05:05:00;-3.9;705.55
1679182440;19.03.2023;05:34:00;-4.19;705.46
1679184180;19.03.2023;06:03:00;-3.99;705.41
1679185920;19.03.2023;06:32:00;-3.72;705.23
1679187600;19.03.2023;07:00:00;-4.19;705.1
1679189340;19.03.2023;07:29:00;-1.49;705.24
1679191080;19.03.2023;07:58:00;0.15;705.4
1679192820;19.03.2023;08:27:00;0.87;705.37
1679194560;19.03.2023;08:56:00;2.51;705.41
1679196300;19.03.2023;09:25:00;4.72;705.49
1679198040;19.03.2023;09:54:00;4.63;705.51
1679199780;19.03.2023;10:23:00;6.4;705.56
1679201460;19.03.2023;10:51:00;7.23;705.65
1679203200;19.03.2023;11:20:00;5.89;705.58
1679204940;19.03.2023;11:49:00;7.25;705.47
1679206680;19.03.2023;12:18:00;7.81;705.32
1679208420;19.03.2023;12:47:00;8.4;705.02
1679210160;19.03.2023;13:16:00;10.17;704.76
1679211900;19.03.2023;13:45:00;8.56;704.54
1679213580;19.03.2023;14:13:00;9.09;704.31
1679215320;19.03.2023;14:42:00;9.98;704.19
1679217000;19.03.2023;15:10:00;9.76;704.02
1679218740;19.03.2023;15:39:00;8.25;703.87
1679220480;19.03.2023;16:08:00;8.18;703.7
1679222160;19.03.2023;16:36:00;7.92;703.64
1679223900;19.03.2023;17:05:00;7.57;703.47
1679227380;19.03.2023;18:03:00;7.09;703.31
1679229060;19.03.2023;18:31:00;6.63;703.23
1679230800;19.03.2023;19:00:00;6.04;703.26
1679232540;19.03.2023;19:29:00;5.38;703.25
1679234280;19.03.2023;19:58:00;4.65;703.46
1679235960;19.03.2023;20:26:00;4.13;703.4
1679237700;19.03.2023;20:55:00;3.27;703.35
1679239440;19.03.2023;21:24:00;2.45;703.13
1679241180;19.03.2023;21:53:00;1.79;702.98
1679242860;19.03.2023;22:21:00;1.37;702.79
1679244600;19.03.2023;22:50:00;1.08;702.6
1679246340;19.03.2023;23:19:00;0.44;702.46
1679248080;19.03.2023;23:48:00;0.26;702.25
1679249760;20.03.2023;00:16:00;0.02;702.21
1679251500;20.03.2023;00:45:00;-0.29;702.24
1679253240;20.03.2023;01:14:00;-0.69;702.35
1679254980;20.03.2023;01:43:00;-0.92;702.26
1679256660;20.03.2023;02:11:00;-1.11;702.11
1679258400;20.03.2023;02:40:00;-1.24;702.07
1679260140;20.03.2023;03:09:00;-1.47;702
1679263560;20.03.2023;04:06:00;-1.85;701.96
1679265300;20.03.2023;04:35:00;-1.97;702.11
1679267040;20.03.2023;05:04:00;-2.03;702.25
1679268780;20.03.2023;05:33:00;-2.3;702.38
1679270520;20.03.2023;06:02:00;-2.55;702.62
1679272200;20.03.2023;06:30:00;-2.57;702.77
1679273940;20.03.2023;06:59:00;-2.49;702.89
1679275680;20.03.2023;07:28:00;-2.69;703.07
1679277420;20.03.2023;07:57:00;1.02;703.24
1679279160;20.03.2023;08:26:00;2.21;703.28
1679280900;20.03.2023;08:55:00;4.91;703.3
1679282580;20.03.2023;09:23:00;7.57;703.3
1679284320;20.03.2023;09:52:00;6.94;703.42
1679286060;20.03.2023;10:21:00;9.31;703.43
1679287800;20.03.2023;10:50:00;8.85;703.38
1679289540;20.03.2023;11:19:00;8.77;703.31
1679291280;20.03.2023;11:48:00;10.02;703.12
1679293020;20.03.2023;12:17:00;8.8;703.01
1679294760;20.03.2023;12:46:00;8.75;702.84
1679296500;20.03.2023;13:15:00;11.93;702.65
1679298180;20.03.2023;13:43:00;9.72;702.62
1679299860;20.03.2023;14:11:00;10.32;702.5
1679301600;20.03.2023;14:40:00;10.35;702.35
1679303340;20.03.2023;15:09:00;9.21;702.34
1679305080;20.03.2023;15:38:00;8.55;702.36
1679306760;20.03.2023;16:06:00;8.26;702.29
1679308500;20.03.2023;16:35:00;8.23;702.16
1679310240;20.03.2023;17:04:00;7.98;702.15
1679311980;20.03.2023;17:33:00;7.94;702.19
1679313660;20.03.2023;18:01:00;7.64;702.35
1679315400;20.03.2023;18:30:00;7.53;702.49
1679317140;20.03.2023;18:59:00;6.62;702.45
1679318880;20.03.2023;19:28:00;6.06;702.64
1679320560;20.03.2023;19:56:00;5.1;702.83
1679322300;20.03.2023;20:25:00;4.47;702.98
1679324040;20.03.2023;20:54:00;3.35;703.01
1679329200;20.03.2023;22:20:00;1.66;702.96
1679330940;20.03.2023;22:49:00;0.9;703.01
1679332680;20.03.2023;23:18:00;0.57;703.03
1679334360;20.03.2023;23:46:00;-0.08;702.94
1679336100;21.03.2023;00:15:00;-0.58;702.74
1679337840;21.03.2023;00:44:00;-0.86;702.56
1679339580;21.03.2023;01:13:00;-1.24;702.58
1679341260;21.03.2023;01:41:00;-1.6;702.49
1679343000;21.03.2023;02:10:00;-1.94;702.45
1679344740;21.03.2023;02:39:00;-2.1;702.24
1679346480;21.03.2023;03:08:00;-2.56;702.31
1679348160;21.03.2023;03:36:00;-3.22;702.28
1679349900;21.03.2023;04:05:00;-3.33;702.06
1679351640;21.03.2023;04:34:00;-3.54;702
1679353380;21.03.2023;05:03:00;-3.83;702.03
1679355060;21.03.2023;05:31:00;-4.06;702.02
1679356800;21.03.2023;06:00:00;-3.98;701.99
1679358540;21.03.2023;06:29:00;-4.09;702.08
1679360280;21.03.2023;06:58:00;-4.05;701.99
1679362020;21.03.2023;07:27:00;-3.5;702.08
1679363700;21.03.2023;07:55:00;-2.34;702.29
1679365440;21.03.2023;08:24:00;-0.99;702.32
1679367180;21.03.2023;08:53:00;1.79;702.44
1679368920;21.03.2023;09:22:00;4.29;702.62
1679370660;21.03.2023;09:51:00;4.47;702.66
1679374140;21.03.2023;10:49:00;6.03;702.28
1679375880;21.03.2023;11:18:00;6.69;702.16
1679377620;21.03.2023;11:47:00;7.7;702.09
1679379360;21.03.2023;12:16:00;6.93;701.93
1679381040;21.03.2023;12:44:00;6.94;701.73
1679382780;21.03.2023;13:13:00;10.53;701.36
1679384520;21.03.2023;13:42:00;10.7;701.2
1679386200;21.03.2023;14:10:00;10.59;701.07
1679387940;21.03.2023;14:39:00;11.45;700.9
1679389620;21.03.2023;15:07:00;10.48;700.85
1679391360;21.03.2023;15:36:00;10.18;700.65
1679393100;21.03.2023;16:05:00;10.14;700.67
1679394840;21.03.2023;16:34:00;9.67;700.76
1679396520;21.03.2023;17:02:00;9.81;700.79
1679398260;21.03.2023;17:31:00;9.74;700.86
1679400000;21.03.2023;18:00:00;9.35;700.85
1679401680;21.03.2023;18:28:00;8.37;700.93
1679403420;21.03.2023;18:57:00;7.69;701.01
1679405160;21.03.2023;19:26:00;7.06;701.15
1679410320;21.03.2023;20:52:00;5.8;701.21
1679412060;21.03.2023;21:21:00;5.15;701.32
1679413800;21.03.2023;21:50:00;4.62;701.2
1679415540;21.03.2023;22:19:00;3.99;701.01
1679417220;21.03.2023;22:47:00;3.59;701.06
1679418960;21.03.2023;23:16:00;3.7;700.87
1679420700;21.03.2023;23:45:00;3.33;700.69
1679422380;22.03.2023;00:13:00;2.78;700.5
1679424120;22.03.2023;00:42:00;2.55;700.4
1679425860;22.03.2023;01:11:00;2.57;700.19
1679427600;22.03.2023;01:40:00;2.34;700.02
1679429340;22.03.2023;02:09:00;1.86;699.99
1679431020;22.03.2023;02:37:00;1.57;699.84
1679432760;22.03.2023;03:06:00;1.05;699.74
1679434500;22.03.2023;03:35:00;1.16;699.46
1679436240;22.03.2023;04:04:00;1.02;699.48
1679437920;22.03.2023;04:32:00;0.86;699.47
1679439660;22.03.2023;05:01:00;0.95;699.52
1679441400;22.03.2023;05:30:00;1.15;699.49
1679443140;22.03.2023;05:59:00;1.43;699.42
1679444820;22.03.2023;06:27:00;1.1;699.55
1679446560;22.03.2023;06:56:00;1.39;699.55
1679448300;22.03.2023;07:25:00;1.44;699.7
1679450040;22.03.2023;07:54:00;4.21;699.62
1679451780;22.03.2023;08:23:00;6.51;699.61
1679453520;22.03.2023;08:52:00;9.32;699.55
1679455260;22.03.2023;09:21:00;10;699.66
1679457000;22.03.2023;09:50:00;12.7;699.7
1679457900;22.03.2023;10:05:00;10.58;699.75
1679459640;22.03.2023;10:34:00;13.02;699.75
1679461380;22.03.2023;11:03:00;13.33;699.68
1679463060;22.03.2023;11:31:00;12.76;699.7
1679466540;22.03.2023;12:29:00;13.08;699.65
1679468280;22.03.2023;12:58:00;15.24;699.4
1679470020;22.03.2023;13:27:00;15.08;699.45
1679471760;22.03.2023;13:56:00;13.63;699.45
1679473440;22.03.2023;14:24:00;16.58;699.37
1679475180;22.03.2023;14:53:00;15.23;699.27
1679476860;22.03.2023;15:21:00;12.87;699.35
1679478600;22.03.2023;15:50:00;12.62;699.36
1679480340;22.03.2023;16:19:00;13.75;699.29
1679482080;22.03.2023;16:48:00;12.54;699.38
1679483760;22.03.2023;17:16:00;13.02;699.58
1679485500;22.03.2023;17:45:00;12.94;699.74
1679487240;22.03.2023;18:14:00;11.71;699.89
1679488920;22.03.2023;18:42:00;11.48;700.15
1679490660;22.03.2023;19:11:00;10.86;700.07
1679492400;22.03.2023;19:40:00;10.17;700.3
1679494140;22.03.2023;20:09:00;9.31;700.54
1679497560;22.03.2023;21:06:00;8.12;700.79
1679499300;22.03.2023;21:35:00;8.29;700.79
1679500980;22.03.2023;22:03:00;7.58;700.8
1679502720;22.03.2023;22:32:00;8.1;700.77
1679504460;22.03.2023;23:01:00;6.67;700.63
1679506200;22.03.2023;23:30:00;5.91;700.62
1679507880;22.03.2023;23:58:00;5.29;700.59
1679509620;23.03.2023;00:27:00;5.64;700.42
1679511360;23.03.2023;00:56:00;4.53;700.25
1679513100;23.03.2023;01:25:00;4.38;700.23
1679514780;23.03.2023;01:53:00;3.92;700.26
1679516520;23.03.2023;02:22:00;4.29;700.12
1679518260;23.03.2023;02:51:00;3.37;700.19
1679520000;23.03.2023;03:20:00;3.63;700.01
1679521680;23.03.2023;03:48:00;3.16;699.96
1679523420;23.03.2023;04:17:00;2.81;699.94
1679525160;23.03.2023;04:46:00;2.47;700.01
1679526900;23.03.2023;05:15:00;2.76;700.09
1679528580;23.03.2023;05:43:00;2.92;700.15
1679530320;23.03.2023;06:12:00;3.38;700.21
1679532060;23.03.2023;06:41:00;2.28;700.31
1679533800;23.03.2023;07:10:00;2.15;700.43
1679535540;23.03.2023;07:39:00;3.99;700.67
1679537220;23.03.2023;08:07:00;9;700.88
1679538960;23.03.2023;08:36:00;12.05;700.97
1679540700;23.03.2023;09:05:00;11.76;701.14
1679542440;23.03.2023;09:34:00;12.46;701.12
1679544180;23.03.2023;10:03:00;13.6;701.09
1679545920;23.03.2023;10:32:00;14.66;701.15
1679547660;23.03.2023;11:01:00;15.55;701.09
1679549400;23.03.2023;11:30:00;14.53;701.18
1679551140;23.03.2023;11:59:00;16.24;701.02
1679552880;23.03.2023;12:28:00;16.54;700.86
1679554620;23.03.2023;12:57:00;16.76;700.79
1679556360;23.03.2023;13:26:00;17.13;700.58
1679558040;23.03.2023;13:54:00;17.92;700.43
1679559720;23.03.2023;14:22:00;18.51;700.21
1679561460;23.03.2023;14:51:00;17.75;700
1679563200;23.03.2023;15:20:00;16.62;699.85
1679564880;23.03.2023;15:48:00;16.24;699.7
1679566620;23.03.2023;16:17:00;16.41;699.69
1679568360;23.03.2023;16:46:00;15.7;699.73
1679570100;23.03.2023;17:15:00;15.33;699.96
1679571840;23.03.2023;17:44:00;14.46;700.27
1679573520;23.03.2023;18:12:00;13.86;700.44
1679575260;23.03.2023;18:41:00;13.23;700.55
1679577000;23.03.2023;19:10:00;12.6;700.79
1679578680;23.03.2023;19:38:00;11.7;700.97
1679580420;23.03.2023;20:07:00;10.35;701.14
1679582160;23.03.2023;20:36:00;9.8;701.18
1679583900;23.03.2023;21:05:00;9.27;701.19
1679585580;23.03.2023;21:33:00;9.29;701.34
1679587320;23.03.2023;22:02:00;8.64;701.27
1679589060;23.03.2023;22:31:00;8.53;701.21
1679590800;23.03.2023;23:00:00;7.71;701.25
1679592480;23.03.2023;23:28:00;7.45;701.28
1679594220;23.03.2023;23:57:00;6.56;701.44
1679595960;24.03.2023;00:26:00;6.17;701.39
1679597700;24.03.2023;00:55:00;5.79;701.35
1679599380;24.03.2023;01:23:00;5.43;701.4
1679601120;24.03.2023;01:52:00;5.96;701.48
1679602860;24.03.2023;02:21:00;6.14;701.39
1679606280;24.03.2023;03:18:00;5.55;701.21
1679608020;24.03.2023;03:47:00;4.79;701.26
1679609760;24.03.2023;04:16:00;4.3;701.13
1679611500;24.03.2023;04:45:00;4.37;701.15
1679613180;24.03.2023;05:13:00;3.34;701.33
1679614920;24.03.2023;05:42:00;3.42;701.37
1679616660;24.03.2023;06:11:00;3.19;701.63
1679618400;24.03.2023;06:40:00;3.44;701.69
1679621820;24.03.2023;07:37:00;5.27;701.81
1679623560;24.03.2023;08:06:00;9.27;701.76
1679625300;24.03.2023;08:35:00;11.27;701.76
1679627040;24.03.2023;09:04:00;13.45;701.78
1679628780;24.03.2023;09:33:00;15.09;701.75
1679630520;24.03.2023;10:02:00;15.71;701.85
1679632260;24.03.2023;10:31:00;16.5;701.72
1679634000;24.03.2023;11:00:00;16.75;701.64
1679635680;24.03.2023;11:28:00;15.69;701.57
1679637420;24.03.2023;11:57:00;17.08;701.56
1679639160;24.03.2023;12:26:00;16.67;701.36
1679640960;24.03.2023;12:56:00;17.62;701.33
1679642640;24.03.2023;13:24:00;20.2;701.04
1679644320;24.03.2023;13:52:00;18.13;700.97
1679646060;24.03.2023;14:21:00;20.38;700.73
1679647800;24.03.2023;14:50:00;20.13;700.67
1679649480;24.03.2023;15:18:00;16.93;700.61
1679651220;24.03.2023;15:47:00;17.04;700.44
1679652960;24.03.2023;16:16:00;16.96;700.36
1679654640;24.03.2023;16:44:00;16.72;700.23
1679656380;24.03.2023;17:13:00;16.44;700.26
1679658120;24.03.2023;17:42:00;15.85;700.39
1679659800;24.03.2023;18:10:00;15.27;700.4
1679661540;24.03.2023;18:39:00;14.6;700.46
1679663280;24.03.2023;19:08:00;13.67;700.64
1679665020;24.03.2023;19:37:00;12.85;700.73
1679666700;24.03.2023;20:05:00;11.8;700.76
1679668440;24.03.2023;20:34:00;11.73;700.98
1679670180;24.03.2023;21:03:00;11.24;701.04
1679673600;24.03.2023;22:00:00;10.21;700.77
1679677080;24.03.2023;22:58:00;8.85;700.65
1679678760;24.03.2023;23:26:00;9.02;700.65
1679680500;24.03.2023;23:55:00;8.24;700.58
1679682240;25.03.2023;00:24:00;7.68;700.54
1679683980;25.03.2023;00:53:00;7.46;700.41
1679685720;25.03.2023;01:22:00;7.31;700.36
1679687400;25.03.2023;01:50:00;6.21;700.16
1679689140;25.03.2023;02:19:00;5.5;700.19
1679690880;25.03.2023;02:48:00;5.25;700.06
1679692620;25.03.2023;03:17:00;4.85;700.02
1679694300;25.03.2023;03:45:00;5.76;699.98
1679696040;25.03.2023;04:14:00;5.45;699.98
1679697780;25.03.2023;04:43:00;5.63;700.03
1679699520;25.03.2023;05:12:00;5.31;700.09
1679701200;25.03.2023;05:40:00;5.17;700.1
1679702940;25.03.2023;06:09:00;4.63;700.25
1679704680;25.03.2023;06:38:00;4.13;700.27
1679706420;25.03.2023;07:07:00;3.89;700.41
1679708100;25.03.2023;07:35:00;6.23;700.57
1679709840;25.03.2023;08:04:00;9.41;700.62
1679711580;25.03.2023;08:33:00;12.75;700.67
1679713320;25.03.2023;09:02:00;13.07;700.72
1679715060;25.03.2023;09:31:00;15.13;700.7
1679716800;25.03.2023;10:00:00;15.81;700.69
1679718540;25.03.2023;10:29:00;17.45;700.62
1679720280;25.03.2023;10:58:00;16.42;700.7
1679721960;25.03.2023;11:26:00;16.72;700.58
1679723700;25.03.2023;11:55:00;20;700.53
1679725500;25.03.2023;12:25:00;18.92;700.42
1679727300;25.03.2023;12:55:00;20.12;700.38
1679728980;25.03.2023;13:23:00;20.34;700.3
1679730660;25.03.2023;13:51:00;17.91;700.15
1679732400;25.03.2023;14:20:00;21.1;700
1679734080;25.03.2023;14:48:00;20.86;699.85
1679735820;25.03.2023;15:17:00;18.42;699.79
1679737560;25.03.2023;15:46:00;18.61;699.78
1679739300;25.03.2023;16:15:00;18.32;699.78
1679740980;25.03.2023;16:43:00;18.15;699.85
1679742720;25.03.2023;17:12:00;17.36;699.85
1679744460;25.03.2023;17:41:00;16.73;699.86
1679746200;25.03.2023;18:10:00;16.31;700.12
1679747880;25.03.2023;18:38:00;15.64;700.24
1679749620;25.03.2023;19:07:00;14.95;700.46
1679751360;25.03.2023;19:36:00;14.03;700.78
1679753040;25.03.2023;20:04:00;13.32;700.97
1679754780;25.03.2023;20:33:00;12.93;701.19
1679758260;25.03.2023;21:31:00;11.33;701.53
1679759940;25.03.2023;21:59:00;11.83;701.45
1679761680;25.03.2023;22:28:00;11.38;701.3
1679763420;25.03.2023;22:57:00;10.7;701.24
1679765160;25.03.2023;23:26:00;10.49;701.23
1679766840;25.03.2023;23:54:00;9.75;701.2
1679768580;26.03.2023;00:23:00;9.73;701.2
1679770320;26.03.2023;00:52:00;9.3;701.12
1679772060;26.03.2023;01:21:00;8.33;701.09
1679773740;26.03.2023;01:49:00;8.74;701.05
1679775480;26.03.2023;02:18:00;8.84;700.96
1679777220;26.03.2023;02:47:00;8.41;700.85
1679778960;26.03.2023;03:16:00;8.29;700.82
1679780700;26.03.2023;03:45:00;7.38;700.68
1679782380;26.03.2023;04:13:00;8.18;700.68
1679784120;26.03.2023;04:42:00;6.75;700.77
1679785860;26.03.2023;05:11:00;6.37;700.79
1679787600;26.03.2023;05:40:00;5.4;700.85
1679789280;26.03.2023;06:08:00;6.04;700.81
1679791020;26.03.2023;06:37:00;5.94;701
1679792760;26.03.2023;07:06:00;5.33;701.06
1679794500;26.03.2023;07:35:00;7.61;701.15
1679796240;26.03.2023;08:04:00;11.06;701.18
1679797980;26.03.2023;08:33:00;14.78;701.21
1679799720;26.03.2023;09:02:00;17.7;701.15
1679801460;26.03.2023;09:31:00;19.52;701.3
1679803200;26.03.2023;10:00:00;18.99;701.27
1679804880;26.03.2023;10:28:00;20.29;701.33
1679806620;26.03.2023;10:57:00;18.51;701.29
1679808360;26.03.2023;11:26:00;19.49;701.17
1679811840;26.03.2023;12:24:00;20.62;700.94
1679813640;26.03.2023;12:54:00;22.55;700.76
1679815320;26.03.2023;13:22:00;22.79;700.6
1679817000;26.03.2023;13:50:00;21.98;700.43
1679818740;26.03.2023;14:19:00;22.16;700.14
1679820480;26.03.2023;14:48:00;22.96;699.92
1679822160;26.03.2023;15:16:00;21.06;699.86
1679823900;26.03.2023;15:45:00;22.29;699.85
1679825640;26.03.2023;16:14:00;21.29;699.79
1679827380;26.03.2023;16:43:00;20.81;699.97
1679829120;26.03.2023;17:12:00;20.35;700.07
1679830800;26.03.2023;17:40:00;19.86;700.17
1679832540;26.03.2023;18:09:00;19.3;700.17
1679834280;26.03.2023;18:38:00;18.6;700.36
1679836020;26.03.2023;19:07:00;17.68;700.55
1679837700;26.03.2023;19:35:00;17.62;700.67
1679839440;26.03.2023;20:04:00;16.98;700.87
1679841180;26.03.2023;20:33:00;16.05;701.13
1679842860;26.03.2023;21:01:00;15.47;701.33
1679844600;26.03.2023;21:30:00;15.21;701.44
1679846340;26.03.2023;21:59:00;14.07;701.49
1679848080;26.03.2023;22:28:00;14.03;701.55
1679849820;26.03.2023;22:57:00;13.99;701.54
1679851500;26.03.2023;23:25:00;14.3;701.46
1679853240;26.03.2023;23:54:00;13.97;701.34
1679854980;27.03.2023;00:23:00;12.7;701.58
1679856720;27.03.2023;00:52:00;11.33;701.72
1679860200;27.03.2023;01:50:00;10.64;702.19
1679861880;27.03.2023;02:18:00;10.78;702.26
1679863620;27.03.2023;02:47:00;10;702.08
1679865360;27.03.2023;03:16:00;9.41;702.09
1679867100;27.03.2023;03:45:00;8.75;702.02
1679868780;27.03.2023;04:13:00;8.5;701.92
1679870520;27.03.2023;04:42:00;7.55;701.97
1679872260;27.03.2023;05:11:00;8.43;702.14
1679874000;27.03.2023;05:40:00;7.08;702.36
1679875680;27.03.2023;06:08:00;6.44;702.46
1679877420;27.03.2023;06:37:00;6.24;702.55
1679879160;27.03.2023;07:06:00;6.49;702.78
1679880900;27.03.2023;07:35:00;8.78;702.86
1679882640;27.03.2023;08:04:00;11.22;702.92
1679884380;27.03.2023;08:33:00;15.23;702.82
1679886120;27.03.2023;09:02:00;14.62;702.84
1679887860;27.03.2023;09:31:00;16.71;702.89
1679889600;27.03.2023;10:00:00;17.27;702.86
1679891340;27.03.2023;10:29:00;18.06;703.04
1679893020;27.03.2023;10:57:00;16.56;703.08
1679894760;27.03.2023;11:26:00;17.25;702.97
1679896500;27.03.2023;11:55:00;18.8;702.84
1679898240;27.03.2023;12:24:00;18.65;702.66
1679900040;27.03.2023;12:54:00;20.48;702.51
1679901720;27.03.2023;13:22:00;20.28;702.38
1679903400;27.03.2023;13:50:00;19.9;702.19
1679905140;27.03.2023;14:19:00;20.18;701.97
1679906880;27.03.2023;14:48:00;19.88;701.84
1679908560;27.03.2023;15:16:00;19.35;701.75
1679910300;27.03.2023;15:45:00;18.96;701.71
1679912040;27.03.2023;16:14:00;18.33;701.66
1679913780;27.03.2023;16:43:00;17.96;701.69
1679915520;27.03.2023;17:12:00;17.52;701.66
1679917200;27.03.2023;17:40:00;16.78;701.64
1679918940;27.03.2023;18:09:00;16.47;701.68
1679920680;27.03.2023;18:38:00;15.88;701.62
1679922360;27.03.2023;19:06:00;15.01;701.82
1679924100;27.03.2023;19:35:00;14.07;701.94
1679925840;27.03.2023;20:04:00;13.19;701.89
1679927580;27.03.2023;20:33:00;12.29;702.03
1679929320;27.03.2023;21:02:00;12.09;701.89
1679931000;27.03.2023;21:30:00;11.53;701.84
1679932740;27.03.2023;21:59:00;11.02;701.65
1679934480;27.03.2023;22:28:00;10.44;701.48
1679936160;27.03.2023;22:56:00;9.72;701.37
1679937900;27.03.2023;23:25:00;9.21;701.31
1679939640;27.03.2023;23:54:00;8.57;701.27
1679941380;28.03.2023;00:23:00;8.23;701.19
1679943120;28.03.2023;00:52:00;7.83;701.15
1679944800;28.03.2023;01:20:00;7.22;701.04
1679946540;28.03.2023;01:49:00;6.54;700.95
1679948280;28.03.2023;02:18:00;6.3;700.86
1679950020;28.03.2023;02:47:00;6.59;700.58
1679951700;28.03.2023;03:15:00;6.75;700.42
1679953440;28.03.2023;03:44:00;6.16;700.3
1679955180;28.03.2023;04:13:00;6.38;700.24
1679956920;28.03.2023;04:42:00;6.42;700.18
1679958660;28.03.2023;05:11:00;6.59;700.1
1679960340;28.03.2023;05:39:00;6.57;699.95
1679962080;28.03.2023;06:08:00;5.59;699.82
1679963820;28.03.2023;06:37:00;4.92;700
1679965560;28.03.2023;07:06:00;5.38;699.97
1679967300;28.03.2023;07:35:00;8.45;699.85
1679969040;28.03.2023;08:04:00;10.62;699.83
1679970780;28.03.2023;08:33:00;15.5;699.87
1679972460;28.03.2023;09:01:00;14.29;699.88
1679974260;28.03.2023;09:31:00;16.94;699.82
1679975940;28.03.2023;09:59:00;15.31;699.77
1679977680;28.03.2023;10:28:00;17.14;699.58
1679979420;28.03.2023;10:57:00;16.8;699.33
1679981100;28.03.2023;11:25:00;16.81;699.1
1679982840;28.03.2023;11:54:00;17.58;698.86
1679984640;28.03.2023;12:24:00;17.56;698.61
1679986440;28.03.2023;12:54:00;18.17;698.37
1679988120;28.03.2023;13:22:00;20.96;698.18
1679989800;28.03.2023;13:50:00;18.97;697.93
1679991540;28.03.2023;14:19:00;20.24;697.75
1679993220;28.03.2023;14:47:00;20.04;697.57
1679994960;28.03.2023;15:16:00;19.58;697.48
1679996700;28.03.2023;15:45:00;19.79;697.3
1679998440;28.03.2023;16:14:00;19.69;697.35
1680000120;28.03.2023;16:42:00;19.41;697.21
1680001860;28.03.2023;17:11:00;19.39;697.25
1680003600;28.03.2023;17:40:00;19.17;697.21
1680005340;28.03.2023;18:09:00;18.21;697.23
1680007080;28.03.2023;18:38:00;17.14;697.33
1680008760;28.03.2023;19:06:00;16.39;697.4
1680010500;28.03.2023;19:35:00;15.75;697.48
1680012240;28.03.2023;20:04:00;15.21;697.6
1680013980;28.03.2023;20:33:00;14;697.76
1680015660;28.03.2023;21:01:00;13.18;697.8
1680017400;28.03.2023;21:30:00;12.67;697.82
1680019140;28.03.2023;21:59:00;12.89;697.69
1680020880;28.03.2023;22:28:00;12.71;697.45
1680022560;28.03.2023;22:56:00;11.6;697.27
1680024300;28.03.2023;23:25:00;12.05;697.07
1680026040;28.03.2023;23:54:00;11.79;696.87
1680027780;29.03.2023;00:23:00;10.67;696.7
1680029520;29.03.2023;00:52:00;11.07;696.46
1680031200;29.03.2023;01:20:00;10.77;696.3
1680032940;29.03.2023;01:49:00;9.41;696.06
1680034680;29.03.2023;02:18:00;8.25;695.98
1680036420;29.03.2023;02:47:00;9.53;696.01
1680038100;29.03.2023;03:15:00;7.94;695.88
1680039840;29.03.2023;03:44:00;7.24;695.81
1680041580;29.03.2023;04:13:00;7.04;695.71
1680043320;29.03.2023;04:42:00;6.28;695.77
1680045000;29.03.2023;05:10:00;6.58;695.77
1680046740;29.03.2023;05:39:00;7;695.93
1680048480;29.03.2023;06:08:00;6.8;695.88
1680050220;29.03.2023;06:37:00;6.23;695.86
1680051960;29.03.2023;07:06:00;6.71;695.77
1680053640;29.03.2023;07:34:00;9.51;695.72
1680055380;29.03.2023;08:03:00;11.55;695.74
1680057120;29.03.2023;08:32:00;16.22;695.85
1680058860;29.03.2023;09:01:00;16.64;695.98
1680060600;29.03.2023;09:30:00;20.03;695.94
1680062340;29.03.2023;09:59:00;17.36;695.9
1680064080;29.03.2023;10:28:00;18.93;695.92
1680065820;29.03.2023;10:57:00;20.74;695.89
1680067500;29.03.2023;11:25:00;20.68;695.89
1680069240;29.03.2023;11:54:00;22.69;695.86
1680071040;29.03.2023;12:24:00;21.69;695.73
1680072780;29.03.2023;12:53:00;23.6;695.65
1680076200;29.03.2023;13:50:00;25.37;695.55
1680077940;29.03.2023;14:19:00;25.24;695.48
1680079620;29.03.2023;14:47:00;25.26;695.45
1680081360;29.03.2023;15:16:00;24.35;695.36
1680083100;29.03.2023;15:45:00;24.41;695.44
1680084840;29.03.2023;16:14:00;23.73;695.55
1680086520;29.03.2023;16:42:00;23.17;695.73
1680088260;29.03.2023;17:11:00;22.56;695.73
1680090000;29.03.2023;17:40:00;22.2;695.83
1680091740;29.03.2023;18:09:00;21.84;695.92
1680093420;29.03.2023;18:37:00;21.17;696.05
1680095160;29.03.2023;19:06:00;20.24;696.04
1680096900;29.03.2023;19:35:00;19.43;696.14
1680098640;29.03.2023;20:04:00;19.46;696.25
1680100380;29.03.2023;20:33:00;18.56;696.54
1680102060;29.03.2023;21:01:00;19.39;696.62
1680103800;29.03.2023;21:30:00;19.12;696.72
1680105540;29.03.2023;21:59:00;18.76;696.62
1680107280;29.03.2023;22:28:00;18.87;696.5
1680108960;29.03.2023;22:56:00;18.33;696.46
1680110700;29.03.2023;23:25:00;17.5;696.46
1680112440;29.03.2023;23:54:00;17.92;696.54
1680114180;30.03.2023;00:23:00;17.2;697.04
1680115920;30.03.2023;00:52:00;17.2;696.87
1680117600;30.03.2023;01:20:00;17.23;696.85
1680119340;30.03.2023;01:49:00;16.54;696.87
1680121080;30.03.2023;02:18:00;16.39;696.87
1680122820;30.03.2023;02:47:00;16.22;696.79
1680124500;30.03.2023;03:15:00;15.73;696.72
1680126240;30.03.2023;03:44:00;15.42;696.73
1680127980;30.03.2023;04:13:00;15.62;696.7
1680129720;30.03.2023;04:42:00;15.99;696.69
1680131460;30.03.2023;05:11:00;16.32;696.79
1680133140;30.03.2023;05:39:00;16.5;696.99
1680134880;30.03.2023;06:08:00;15.73;697.21
1680136620;30.03.2023;06:37:00;14.36;697.41
1680138360;30.03.2023;07:06:00;13.7;697.73
1680140040;30.03.2023;07:34:00;13.45;698.11
1680141780;30.03.2023;08:03:00;13.59;698.47
1680143520;30.03.2023;08:32:00;13.56;698.72
1680145260;30.03.2023;09:01:00;14.26;698.89
1680147000;30.03.2023;09:30:00;14.45;699.07
1680148680;30.03.2023;09:58:00;16.03;699.01
1680150420;30.03.2023;10:27:00;17.16;699.16
1680152160;30.03.2023;10:56:00;17.7;699.15
1680153900;30.03.2023;11:25:00;18.57;699.18
1680155640;30.03.2023;11:54:00;18.03;699.26
1680157320;30.03.2023;12:22:00;17.71;699.3
1680159060;30.03.2023;12:51:00;17.04;699.37
1680160800;30.03.2023;13:20:00;16.53;699.59
1680162540;30.03.2023;13:49:00;16.19;699.64
1680164280;30.03.2023;14:18:00;15.81;699.91
1680165960;30.03.2023;14:46:00;14.97;699.96
1680167700;30.03.2023;15:15:00;13.75;700.12
1680169440;30.03.2023;15:44:00;13.6;700.24
1680171180;30.03.2023;16:13:00;13;700.39
1680172920;30.03.2023;16:42:00;12.79;700.58
1680174600;30.03.2023;17:10:00;13.05;700.49
1680176340;30.03.2023;17:39:00;12.64;700.33
1680178080;30.03.2023;18:08:00;12.42;700.23
1680179820;30.03.2023;18:37:00;12.1;700.2
1680181500;30.03.2023;19:05:00;12.54;700.02
1680183240;30.03.2023;19:34:00;12.3;700.01
1680184980;30.03.2023;20:03:00;12.49;700.12
1680186660;30.03.2023;20:31:00;13.25;700.24
1680188400;30.03.2023;21:00:00;13.02;700.49
1680190140;30.03.2023;21:29:00;12.39;700.59
1680191880;30.03.2023;21:58:00;12.16;700.53
1680193620;30.03.2023;22:27:00;11.55;700.47
1680195360;30.03.2023;22:56:00;11.57;700.41
1680197040;30.03.2023;23:24:00;10.74;700.48
1680198780;30.03.2023;23:53:00;10.81;700.58
1680200520;31.03.2023;00:22:00;9.82;700.52
1680202260;31.03.2023;00:51:00;10.09;700.46
1680203940;31.03.2023;01:19:00;9.53;700.54
1680205680;31.03.2023;01:48:00;9.48;700.66
1680207420;31.03.2023;02:17:00;9.06;700.62
1680209160;31.03.2023;02:46:00;8.9;700.53
1680210840;31.03.2023;03:14:00;8.71;700.53
1680212580;31.03.2023;03:43:00;8.93;700.27
1680214320;31.03.2023;04:12:00;8.67;700.42
1680216060;31.03.2023;04:41:00;8.69;700.44
1680217800;31.03.2023;05:10:00;8.34;700.57
1680219480;31.03.2023;05:38:00;8.05;700.7
1680221220;31.03.2023;06:07:00;8.01;701.01
1680222960;31.03.2023;06:36:00;7.62;701.15
1680224700;31.03.2023;07:05:00;7.58;701.33
1680226440;31.03.2023;07:34:00;9.03;701.63
1680228180;31.03.2023;08:03:00;7.47;702.06
1680229860;31.03.2023;08:31:00;6.26;702.55
1680231600;31.03.2023;09:00:00;6.42;703
1680233340;31.03.2023;09:29:00;6.65;703.64
1680235080;31.03.2023;09:58:00;5.87;704.05
1680236760;31.03.2023;10:26:00;5.59;704.47
1680238500;31.03.2023;10:55:00;5.12;704.78
1680240240;31.03.2023;11:24:00;5.76;705.18
1680241980;31.03.2023;11:53:00;7.32;705.21
1680243720;31.03.2023;12:22:00;7.94;705.42
1680247140;31.03.2023;13:19:00;8.42;705.82
1680248880;31.03.2023;13:48:00;8.14;705.86
1680250620;31.03.2023;14:17:00;10.05;705.97
1680252360;31.03.2023;14:46:00;9.79;706.04
1680254040;31.03.2023;15:14:00;9.81;706.05
1680255780;31.03.2023;15:43:00;10.12;706.16
1680257520;31.03.2023;16:12:00;8.14;706.39
1680259200;31.03.2023;16:40:00;7.96;706.76
1680260940;31.03.2023;17:09:00;8.17;706.85
1680262680;31.03.2023;17:38:00;7.76;706.9
1680264420;31.03.2023;18:07:00;8.18;706.93
1680266160;31.03.2023;18:36:00;8.02;706.99
1680267840;31.03.2023;19:04:00;8.1;707.01
1680269580;31.03.2023;19:33:00;7.21;707.15
1680271320;31.03.2023;20:02:00;7.09;707.21
1680273060;31.03.2023;20:31:00;6.17;707.34
1680274740;31.03.2023;20:59:00;5.27;707.42
1680276480;31.03.2023;21:28:00;4.45;707.46
1680278220;31.03.2023;21:57:00;4.07;707.4
1680279900;31.03.2023;22:25:00;4.08;707.38
1680281640;31.03.2023;22:54:00;2.96;707.48
1680283380;31.03.2023;23:23:00;2.5;707.45
1680285120;31.03.2023;23:52:00;2.08;707.42
1680286860;01.04.2023;00:21:00;1.8;707.5
1680288600;01.04.2023;00:50:00;1.15;707.3
1680290280;01.04.2023;01:18:00;0.82;707.24
1680292020;01.04.2023;01:47:00;0.3;707.03
1680293760;01.04.2023;02:16:00;-0.08;706.88
1680295500;01.04.2023;02:45:00;-0.58;706.88
1680297180;01.04.2023;03:13:00;-1.14;706.63
1680298920;01.04.2023;03:42:00;-1.34;706.49
1680300660;01.04.2023;04:11:00;-1.86;706.43
1680302400;01.04.2023;04:40:00;-2.2;706.37
1680304080;01.04.2023;05:08:00;-2.88;706.28
1680305820;01.04.2023;05:37:00;-3.37;706.34
1680307560;01.04.2023;06:06:00;-3.83;706.29
1680309300;01.04.2023;06:35:00;-4.11;706.32
1680311040;01.04.2023;07:04:00;-3.32;706.52
1680312720;01.04.2023;07:32:00;-1.95;706.61
1680314460;01.04.2023;08:01:00;-0.97;706.71
1680316200;01.04.2023;08:30:00;1.06;706.52
1680317940;01.04.2023;08:59:00;3.65;706.33
1680319680;01.04.2023;09:28:00;6.14;706.4
1680321420;01.04.2023;09:57:00;7.04;706.35
1680323160;01.04.2023;10:26:00;7.45;706.14
1680324900;01.04.2023;10:55:00;7.17;706.04
1680326580;01.04.2023;11:23:00;7.27;705.94
1680328320;01.04.2023;11:52:00;10.62;705.68
1680330060;01.04.2023;12:21:00;9.32;705.59
1680331800;01.04.2023;12:50:00;13.5;705.42
1680333540;01.04.2023;13:19:00;12.23;705.3
1680335220;01.04.2023;13:47:00;11.52;705.18
1680336960;01.04.2023;14:16:00;12.27;705.01
1680338700;01.04.2023;14:45:00;10.85;704.81
1680340380;01.04.2023;15:13:00;10.73;704.6
1680342120;01.04.2023;15:42:00;10.51;704.37
1680343860;01.04.2023;16:11:00;10.43;704.27
1680345600;01.04.2023;16:40:00;10.31;704.06
1680347280;01.04.2023;17:08:00;10.1;703.93
1680349020;01.04.2023;17:37:00;9.98;703.75
1680350760;01.04.2023;18:06:00;9.68;703.66
1680352440;01.04.2023;18:34:00;9.03;703.58
1680354180;01.04.2023;19:03:00;8.33;703.61
1680355920;01.04.2023;19:32:00;7.65;703.7
1680357660;01.04.2023;20:01:00;7.29;703.67
1680359400;01.04.2023;20:30:00;6.51;703.61
1680361080;01.04.2023;20:58:00;5.78;703.62
1680362820;01.04.2023;21:27:00;5.07;703.54
1680364560;01.04.2023;21:56:00;8.64;703.42
1680366300;01.04.2023;22:25:00;7.25;703.32
1680368040;01.04.2023;22:54:00;4.28;703.26
1680369720;01.04.2023;23:22:00;3.47;703.28
1680371460;01.04.2023;23:51:00;2.43;703.16
1680373200;02.04.2023;00:20:00;1.77;702.96
1680374880;02.04.2023;00:48:00;1.36;702.92
1680376620;02.04.2023;01:17:00;0.51;702.83
1680378360;02.04.2023;01:46:00;-0.24;702.89
1680380100;02.04.2023;02:15:00;-0.76;702.83
1680381840;02.04.2023;02:44:00;-1.13;702.68
1680383520;02.04.2023;03:12:00;-1.41;702.47
1680385260;02.04.2023;03:41:00;-1.95;702.24
1680387000;02.04.2023;04:10:00;-2.47;702.05
1680388740;02.04.2023;04:39:00;-2.7;702.19
1680390420;02.04.2023;05:07:00;-3.14;702.2
1680392160;02.04.2023;05:36:00;-3.55;702.17
1680393900;02.04.2023;06:05:00;-4.05;702.21
1680395640;02.04.2023;06:34:00;-4.43;702.51
1680397380;02.04.2023;07:03:00;-4.09;702.7
1680399120;02.04.2023;07:32:00;-2.3;702.91
1680400800;02.04.2023;08:00:00;-1.77;703
1680402540;02.04.2023;08:29:00;2.31;702.92
1680404280;02.04.2023;08:58:00;3.13;702.76
1680406020;02.04.2023;09:27:00;5.74;702.7
1680407760;02.04.2023;09:56:00;7.43;702.62
1680409500;02.04.2023;10:25:00;10.03;702.53
1680411240;02.04.2023;10:54:00;9.89;702.53
1680412920;02.04.2023;11:22:00;9.44;702.45
1680414720;02.04.2023;11:52:00;12.39;702.5
1680416460;02.04.2023;12:21:00;10.48;702.5
1680418140;02.04.2023;12:49:00;12.13;702.5
1680419880;02.04.2023;13:18:00;12.34;702.53
1680421560;02.04.2023;13:46:00;13.81;702.38
1680423300;02.04.2023;14:15:00;14.24;702.41
1680425040;02.04.2023;14:44:00;11.71;702.41
1680426720;02.04.2023;15:12:00;11.82;702.41
1680428460;02.04.2023;15:41:00;10.75;702.37
1680430200;02.04.2023;16:10:00;11.05;702.41
1680431940;02.04.2023;16:39:00;10.49;702.43
1680433620;02.04.2023;17:07:00;10.52;702.51
1680435360;02.04.2023;17:36:00;9.91;702.59
1680437100;02.04.2023;18:05:00;9.68;702.67
1680438840;02.04.2023;18:34:00;9.41;702.8
1680440520;02.04.2023;19:02:00;8.6;702.96
1680442260;02.04.2023;19:31:00;8.42;702.97
1680444000;02.04.2023;20:00:00;7.73;703.16
1680447420;02.04.2023;20:57:00;6.02;703.43
1680449160;02.04.2023;21:26:00;5.44;703.54
1680450900;02.04.2023;21:55:00;4.86;703.48
1680452580;02.04.2023;22:23:00;4.52;703.34
1680454320;02.04.2023;22:52:00;4.12;703.21
1680456060;02.04.2023;23:21:00;3.89;703.27
1680457800;02.04.2023;23:50:00;2.8;703.3
1680459480;03.04.2023;00:18:00;2.79;703.37
1680461220;03.04.2023;00:47:00;1.81;703.19
1680462960;03.04.2023;01:16:00;1.24;703.18
1680464700;03.04.2023;01:45:00;0.81;703.07
1680466380;03.04.2023;02:13:00;0.16;702.92
1680468120;03.04.2023;02:42:00;-0.32;703
1680469860;03.04.2023;03:11:00;-0.77;703.12
1680471600;03.04.2023;03:40:00;-0.47;703.18
1680473280;03.04.2023;04:08:00;-1.22;703.16
1680475020;03.04.2023;04:37:00;-1.58;702.92
1680476760;03.04.2023;05:06:00;-1.82;702.83
1680478500;03.04.2023;05:35:00;-2.03;702.21
1680480180;03.04.2023;06:03:00;-2.32;702.76
1680481920;03.04.2023;06:32:00;-2.9;703.31
1680483660;03.04.2023;07:01:00;-2.35;702.89
1680485400;03.04.2023;07:30:00;0.31;702.6
1680487140;03.04.2023;07:59:00;1.71;702.49
1680488880;03.04.2023;08:28:00;7.58;702.74
1680490620;03.04.2023;08:57:00;6.57;702.68
1680492300;03.04.2023;09:25:00;9.38;702.44
1680494040;03.04.2023;09:54:00;10.05;702.27
1680495780;03.04.2023;10:23:00;11.43;702.22
1680497520;03.04.2023;10:52:00;12.32;702.04
1680499260;03.04.2023;11:21:00;10.56;701.85
1680501000;03.04.2023;11:50:00;12.24;701.66
1680502740;03.04.2023;12:19:00;14.8;701.54
1680504420;03.04.2023;12:47:00;14.32;701.39
1680506160;03.04.2023;13:16:00;14.48;701.3
1680507900;03.04.2023;13:45:00;14.6;701.15
1680509640;03.04.2023;14:14:00;15.45;701.06
1680511320;03.04.2023;14:42:00;14.59;700.94
1680513060;03.04.2023;15:11:00;15.05;700.64
1680514800;03.04.2023;15:40:00;14.66;700.55
1680516480;03.04.2023;16:08:00;15.55;700.32
1680518220;03.04.2023;16:37:00;14.77;700.28
1680519960;03.04.2023;17:06:00;15.06;700.18
1680521700;03.04.2023;17:35:00;14.64;700.28
1680523380;03.04.2023;18:03:00;14.37;700.4
1680525120;03.04.2023;18:32:00;13.82;700.46
1680526860;03.04.2023;19:01:00;12.87;700.3
1680528600;03.04.2023;19:30:00;11.81;700.32
1680532020;03.04.2023;20:27:00;9.8;700.46
1680533760;03.04.2023;20:56:00;9.16;700.36
1680535500;03.04.2023;21:25:00;9.14;700.18
1680537180;03.04.2023;21:53:00;8.33;699.88
1680538920;03.04.2023;22:22:00;8.2;699.55
1680540660;03.04.2023;22:51:00;8.01;699.39
1680542340;03.04.2023;23:19:00;6.94;699.2
1680544080;03.04.2023;23:48:00;6.38;699.2
1680545820;04.04.2023;00:17:00;6.84;699.14
1680547560;04.04.2023;00:46:00;6.9;698.99
1680549300;04.04.2023;01:15:00;6.09;698.95
1680550980;04.04.2023;01:43:00;4.77;698.72
1680552720;04.04.2023;02:12:00;4.17;698.65
1680554460;04.04.2023;02:41:00;3.86;698.43
1680556200;04.04.2023;03:10:00;4.89;698.35
1680557880;04.04.2023;03:38:00;3.32;698.27
1680559620;04.04.2023;04:07:00;2.86;698.38
1680561360;04.04.2023;04:36:00;2.83;698.26
1680563100;04.04.2023;05:05:00;2.38;698.29
1680564780;04.04.2023;05:33:00;1.87;698.51
1680566520;04.04.2023;06:02:00;2.1;698.54
1680568260;04.04.2023;06:31:00;2.21;698.8
1680570000;04.04.2023;07:00:00;3.5;699.07
1680571740;04.04.2023;07:29:00;5.5;699.27
1680573480;04.04.2023;07:58:00;7.3;699.41
1680575160;04.04.2023;08:26:00;11.2;699.65
1680576960;04.04.2023;08:56:00;12.45;699.87
1680578700;04.04.2023;09:25:00;15.2;700
1680580380;04.04.2023;09:53:00;14.57;700.17
1680582120;04.04.2023;10:22:00;16.19;700.25
1680583860;04.04.2023;10:51:00;16.61;700.3
1680585600;04.04.2023;11:20:00;16.64;700.32
1680587340;04.04.2023;11:49:00;19.03;700.23
1680589080;04.04.2023;12:18:00;17.07;700.16
1680590760;04.04.2023;12:46:00;20.21;700.2
1680592500;04.04.2023;13:15:00;19.91;700.11
1680594240;04.04.2023;13:44:00;21.21;700.16
1680595980;04.04.2023;14:13:00;22.03;700.09
1680597660;04.04.2023;14:41:00;20.43;700.06
1680599400;04.04.2023;15:10:00;19.74;699.98
1680601140;04.04.2023;15:39:00;18.95;700.12
1680602880;04.04.2023;16:08:00;19.51;700.16
1680604560;04.04.2023;16:36:00;18.82;700.25
1680606300;04.04.2023;17:05:00;18.57;700.43
1680608040;04.04.2023;17:34:00;18.41;700.52
1680611460;04.04.2023;18:31:00;17.01;700.71
1680613200;04.04.2023;19:00:00;16.55;700.91
1680614940;04.04.2023;19:29:00;14.9;701.25
1680616680;04.04.2023;19:58:00;14.02;701.54
1680620100;04.04.2023;20:55:00;12.46;702.05
1680621840;04.04.2023;21:24:00;12.58;702.11
1680623580;04.04.2023;21:53:00;12.31;701.99
1680625260;04.04.2023;22:21:00;12.19;701.96
1680627000;04.04.2023;22:50:00;12.04;701.8
1680628740;04.04.2023;23:19:00;11.26;701.65
1680630480;04.04.2023;23:48:00;10.51;701.49
1680632160;05.04.2023;00:16:00;11.13;701.42
1680633900;05.04.2023;00:45:00;10.04;701.45
1680635640;05.04.2023;01:14:00;9.3;701.41
1680637380;05.04.2023;01:43:00;8.74;701.3
1680639120;05.04.2023;02:12:00;8.5;701.24
1680640800;05.04.2023;02:40:00;9.72;701.07
1680642540;05.04.2023;03:09:00;8.5;701.15
1680644280;05.04.2023;03:38:00;7.59;701.08
1680646020;05.04.2023;04:07:00;7.05;701.04
1680647700;05.04.2023;04:35:00;6.99;701.11
1680649440;05.04.2023;05:04:00;6.54;701.21
1680651180;05.04.2023;05:33:00;6.88;701.21
1680652920;05.04.2023;06:02:00;6.69;701.28
1680654600;05.04.2023;06:30:00;7.84;701.22
1680656340;05.04.2023;06:59:00;7.9;701.38
1680658080;05.04.2023;07:28:00;9.1;701.47
1680659820;05.04.2023;07:57:00;10.23;701.5
1680661560;05.04.2023;08:26:00;12.88;701.42
1680663300;05.04.2023;08:55:00;15.74;701.27
1680665040;05.04.2023;09:24:00;16.68;701.23
1680666780;05.04.2023;09:53:00;18.36;701.15
1680668460;05.04.2023;10:21:00;19.57;700.97
1680670200;05.04.2023;10:50:00;21.49;700.78
1680671940;05.04.2023;11:19:00;18.81;700.6
1680673680;05.04.2023;11:48:00;21.34;700.39
1680675420;05.04.2023;12:17:00;21.01;700.12
1680677100;05.04.2023;12:45:00;22.01;699.96
1680678840;05.04.2023;13:14:00;21.3;699.76
1680680580;05.04.2023;13:43:00;21.66;699.55
1680682320;05.04.2023;14:12:00;20.77;699.36
1680684000;05.04.2023;14:40:00;19.96;699.16
1680685740;05.04.2023;15:09:00;20.24;698.94
1680687480;05.04.2023;15:38:00;19.75;698.72
1680689220;05.04.2023;16:07:00;19.41;698.62
1680690900;05.04.2023;16:35:00;19.27;698.57
1680692640;05.04.2023;17:04:00;18.84;698.47
1680694380;05.04.2023;17:33:00;18.26;698.5
1680696120;05.04.2023;18:02:00;17.97;698.54
1680697800;05.04.2023;18:30:00;17.26;698.55
1680699540;05.04.2023;18:59:00;16.6;698.63
1680703020;05.04.2023;19:57:00;15.23;698.61
1680704700;05.04.2023;20:25:00;14.67;698.86
1680706440;05.04.2023;20:54:00;14.09;698.99
1680708180;05.04.2023;21:23:00;13.28;699.01
1680709920;05.04.2023;21:52:00;12.75;699.04
1680711600;05.04.2023;22:20:00;12.38;699
1680713340;05.04.2023;22:49:00;11.82;698.85
1680715080;05.04.2023;23:18:00;12.36;698.76
1680716760;05.04.2023;23:46:00;12.01;698.64
1680718500;06.04.2023;00:15:00;11.98;698.55
1680720240;06.04.2023;00:44:00;10.49;698.44
1680721980;06.04.2023;01:13:00;10.36;698.3
1680723720;06.04.2023;01:42:00;10.01;698.25
1680725400;06.04.2023;02:10:00;9.42;698.04
1680727140;06.04.2023;02:39:00;9.02;697.87
1680728880;06.04.2023;03:08:00;8.73;697.74
1680730620;06.04.2023;03:37:00;8.94;697.62
1680732300;06.04.2023;04:05:00;8.51;697.6
1680735780;06.04.2023;05:03:00;7.7;697.55
1680737520;06.04.2023;05:32:00;8.04;697.56
1680739200;06.04.2023;06:00:00;8.13;697.47
1680740940;06.04.2023;06:29:00;7.57;697.47
1680742680;06.04.2023;06:58:00;8.45;697.41
1680744420;06.04.2023;07:27:00;9.71;697.66
1680746160;06.04.2023;07:56:00;11.53;697.77
1680747900;06.04.2023;08:25:00;15.64;697.8
1680749640;06.04.2023;08:54:00;17.42;697.84
1680751380;06.04.2023;09:23:00;19.1;697.95
1680753120;06.04.2023;09:52:00;19.76;697.96
1680754800;06.04.2023;10:20:00;19.49;697.92
1680756540;06.04.2023;10:49:00;22.02;697.95
1680758280;06.04.2023;11:18:00;20.77;697.78
1680760020;06.04.2023;11:47:00;22.64;697.71
1680761760;06.04.2023;12:16:00;20.07;697.66
1680763440;06.04.2023;12:44:00;22.53;697.73
1680765180;06.04.2023;13:13:00;23.07;697.75
1680766920;06.04.2023;13:42:00;23.19;697.84
1680768600;06.04.2023;14:10:00;23.32;697.97
1680770340;06.04.2023;14:39:00;21.28;698.1
1680772080;06.04.2023;15:08:00;19.99;698.3
1680773820;06.04.2023;15:37:00;19.11;698.59
1680775500;06.04.2023;16:05:00;18.43;698.74
1680777240;06.04.2023;16:34:00;16.86;699.17
1680778980;06.04.2023;17:03:00;16.07;699.53
1680780720;06.04.2023;17:32:00;15.34;699.86
1680782400;06.04.2023;18:00:00;14.89;700.34
1680784140;06.04.2023;18:29:00;14.58;700.48
1680785820;06.04.2023;18:57:00;14.34;700.58
1680787560;06.04.2023;19:26:00;14.48;700.73
1680789300;06.04.2023;19:55:00;13.17;700.79
1680791040;06.04.2023;20:24:00;13.17;700.33
1680792780;06.04.2023;20:53:00;13.47;700.52
